0,1,2,3,4,5,6,7,8,9,10,11,12,13,14,15,CLASS
633,835,2,8,10,0,0,0,0,0,0,0,0,0,0,0,1
2,14,10,82,433,40,634,18,634,376,1306,169,5,17,6,7,1
1307,208,1308,0,0,0,0,0,0,0,0,0,0,0,0,0,1
1309,209,377,10,210,0,0,0,0,0,0,0,0,0,0,0,1
1310,2,0,0,0,0,0,0,0,0,0,0,0,0,0,0,1
22,2,14,72,170,268,378,1311,236,0,0,0,0,0,0,0,1
7,10,0,0,0,0,0,0,0,0,0,0,0,0,0,0,1
2,10,136,3,0,0,0,0,0,0,0,0,0,0,0,0,1
1312,2,10,176,211,0,0,0,0,0,0,0,0,0,0,0,1
22,7,0,0,0,0,0,0,0,0,0,0,0,0,0,0,1
118,146,177,7,837,30,83,253,1313,434,636,43,637,524,7,119,1
0,0,0,0,0,0,0,0,0,0,0,0,0,0,0,0,1
7,5,17,0,0,0,0,0,0,0,0,0,0,0,0,0,1
6,5,0,0,0,0,0,0,0,0,0,0,0,0,0,0,1
6,2,10,7,838,118,196,155,839,49,1318,88,2,838,84,299,1
0,0,0,0,0,0,0,0,0,0,0,0,0,0,0,0,1
0,0,0,0,0,0,0,0,0,0,0,0,0,0,0,0,1
212,1326,212,842,1327,1328,95,40,147,1329,56,843,436,48,170,1330,1
7,10,20,0,0,0,0,0,0,0,0,0,0,0,0,0,1
437,1331,1332,0,0,0,0,0,0,0,0,0,0,0,0,0,1
2,10,0,0,0,0,0,0,0,0,0,0,0,0,0,0,1
1333,1334,300,110,21,255,0,0,0,0,0,0,0,0,0,0,1
11,380,19,1335,11,27,845,640,846,113,1336,137,27,5,2,33,1
2,18,1337,96,381,0,0,0,0,0,0,0,0,0,0,0,1
7,56,847,255,526,0,0,0,0,0,0,0,0,0,0,0,1
47,6,57,2,641,4,301,848,1338,642,1339,0,0,0,0,0,1
101,10,269,0,0,0,0,0,0,0,0,0,0,0,0,0,1
2,643,4,1341,114,1342,1343,36,382,29,0,0,0,0,0,0,1
2,10,6,115,23,11,78,0,0,0,0,0,0,0,0,0,1
17,43,1348,8,1349,5,17,7,53,148,6,7,186,7,64,33,1
52,1352,3,45,238,88,339,37,2,28,18,33,29,849,139,239,1
440,850,11,1353,527,170,644,302,240,0,0,0,0,0,0,0,1
1354,66,3,186,7,64,0,0,0,0,0,0,0,0,0,0,1
5,1355,340,39,1356,1357,441,10,0,0,0,0,0,0,0,0,1
7,186,7,303,5,0,0,0,0,0,0,0,0,0,0,0,1
57,95,63,1358,0,0,0,0,0,0,0,0,0,0,0,0,1
2,641,270,1359,84,1360,1361,854,646,1362,17,176,85,34,1363,1364,1
7,10,0,0,0,0,0,0,0,0,0,0,0,0,0,0,1
0,0,0,0,0,0,0,0,0,0,0,0,0,0,0,0,1
140,7,10,7,64,647,0,0,0,0,0,0,0,0,0,0,1
5,1368,65,239,530,0,0,0,0,0,0,0,0,0,0,0,1
16,1369,213,1370,0,0,0,0,0,0,0,0,0,0,0,0,1
528,95,10,0,0,0,0,0,0,0,0,0,0,0,0,0,1
91,12,2,8,10,0,0,0,0,0,0,0,0,0,0,0,1
7,5,3,340,0,0,0,0,0,0,0,0,0,0,0,0,1
104,255,2,0,0,0,0,0,0,0,0,0,0,0,0,0,1
7,0,0,0,0,0,0,0,0,0,0,0,0,0,0,0,1
140,2,856,532,856,1380,857,140,7,858,0,0,0,0,0,0,1
101,10,0,0,0,0,0,0,0,0,0,0,0,0,0,0,1
0,0,0,0,0,0,0,0,0,0,0,0,0,0,0,0,1
0,0,0,0,0,0,0,0,0,0,0,0,0,0,0,0,1
5,859,140,7,1381,1382,53,3,859,385,105,0,0,0,0,0,1
0,0,0,0,0,0,0,0,0,0,0,0,0,0,0,0,1
34,257,6,533,49,306,7,97,54,33,35,138,1384,1385,637,66,1
1386,860,0,0,0,0,0,0,0,0,0,0,0,0,0,0,1
863,383,1395,525,1396,863,1397,1398,1399,1400,1401,31,651,29,83,106,1
56,1402,37,0,0,0,0,0,0,0,0,0,0,0,0,0,1
2,82,3,0,0,0,0,0,0,0,0,0,0,0,0,0,1
2,10,0,0,0,0,0,0,0,0,0,0,0,0,0,0,1
441,10,6,179,120,0,0,0,0,0,0,0,0,0,0,0,1
0,0,0,0,0,0,0,0,0,0,0,0,0,0,0,0,1
6,1411,440,0,0,0,0,0,0,0,0,0,0,0,0,0,1
30,3,10,446,0,0,0,0,0,0,0,0,0,0,0,0,1
2,10,6,0,0,0,0,0,0,0,0,0,0,0,0,0,1
215,538,272,25,16,56,243,215,388,56,180,170,344,243,215,388,1
1414,1415,10,0,0,0,0,0,0,0,0,0,0,0,0,0,1
114,435,10,654,119,1416,340,0,0,0,0,0,0,0,0,0,1
6,46,37,0,0,0,0,0,0,0,0,0,0,0,0,0,1
655,1417,16,74,0,0,0,0,0,0,0,0,0,0,0,0,1
0,0,0,0,0,0,0,0,0,0,0,0,0,0,0,0,1
3,308,58,309,2,43,0,0,0,0,0,0,0,0,0,0,1
7,1418,1419,1420,0,0,0,0,0,0,0,0,0,0,0,0,1
121,1422,0,0,0,0,0,0,0,0,0,0,0,0,0,0,1
101,10,1423,101,64,0,0,0,0,0,0,0,0,0,0,0,1
6,7,14,450,121,46,6,7,7,64,875,875,1424,130,0,0,1
101,34,5,4,0,0,0,0,0,0,0,0,0,0,0,0,1
1425,12,7,10,14,450,213,340,33,12,7,0,0,0,0,0,1
346,540,4,49,196,34,218,6,7,46,40,107,53,30,111,273,1
1426,0,0,0,0,0,0,0,0,0,0,0,0,0,0,0,1
22,12,6,2,14,216,149,126,136,390,1427,0,0,0,0,0,1
441,10,6,0,0,0,0,0,0,0,0,0,0,0,0,0,1
12,6,7,46,10,1436,6,12,0,0,0,0,0,0,0,0,1
1438,105,4,201,1439,0,0,0,0,0,0,0,0,0,0,0,1
526,97,113,300,21,1447,150,1448,56,1449,391,61,97,536,1450,388,1
131,1455,0,0,0,0,0,0,0,0,0,0,0,0,0,0,1
2,1456,10,28,454,3,0,0,0,0,0,0,0,0,0,0,1
140,0,0,0,0,0,0,0,0,0,0,0,0,0,0,0,1
0,0,0,0,0,0,0,0,0,0,0,0,0,0,0,0,1
2,395,220,1457,884,11,1458,126,63,0,0,0,0,0,0,0,1
528,46,16,1459,885,1460,663,1461,0,0,0,0,0,0,0,0,1
543,0,0,0,0,0,0,0,0,0,0,0,0,0,0,0,1
2,10,6,456,49,0,0,0,0,0,0,0,0,0,0,0,1
16,56,243,215,458,1462,21,0,0,0,0,0,0,0,0,0,1
2,1463,664,10,0,0,0,0,0,0,0,0,0,0,0,0,1
95,221,97,887,0,0,0,0,0,0,0,0,0,0,0,0,1
2,18,435,0,0,0,0,0,0,0,0,0,0,0,0,0,1
0,0,0,0,0,0,0,0,0,0,0,0,0,0,0,0,1
0,0,0,0,0,0,0,0,0,0,0,0,0,0,0,0,1
0,0,0,0,0,0,0,0,0,0,0,0,0,0,0,0,1
666,4,0,0,0,0,0,0,0,0,0,0,0,0,0,0,1
56,243,215,37,0,0,0,0,0,0,0,0,0,0,0,0,1
276,1464,1465,888,33,0,0,0,0,0,0,0,0,0,0,0,1
95,221,0,0,0,0,0,0,0,0,0,0,0,0,0,0,1
2,10,14,4,1466,538,9,0,0,0,0,0,0,0,0,0,1
1467,667,544,0,0,0,0,0,0,0,0,0,0,0,0,0,1
67,10,19,340,1468,181,213,0,0,0,0,0,0,0,0,0,1
6,5,0,0,0,0,0,0,0,0,0,0,0,0,0,0,1
22,12,545,277,1469,96,52,5,889,1470,397,5,0,0,0,0,1
0,0,0,0,0,0,0,0,0,0,0,0,0,0,0,0,1
7,186,7,64,0,0,0,0,0,0,0,0,0,0,0,0,1
0,0,0,0,0,0,0,0,0,0,0,0,0,0,0,0,1
546,4,48,10,0,0,0,0,0,0,0,0,0,0,0,0,1
0,0,0,0,0,0,0,0,0,0,0,0,0,0,0,0,1
7,7,64,459,68,377,120,0,0,0,0,0,0,0,0,0,1
0,0,0,0,0,0,0,0,0,0,0,0,0,0,0,0,1
0,0,0,0,0,0,0,0,0,0,0,0,0,0,0,0,1
0,0,0,0,0,0,0,0,0,0,0,0,0,0,0,0,1
6,52,40,65,2,14,11,3,10,311,890,0,0,0,0,0,1
6,7,0,0,0,0,0,0,0,0,0,0,0,0,0,0,1
6,2,892,0,0,0,0,0,0,0,0,0,0,0,0,0,1
111,0,0,0,0,0,0,0,0,0,0,0,0,0,0,0,1
894,14,278,548,398,1477,54,182,259,312,221,113,1478,16,161,1479,1
670,182,898,671,29,312,549,161,461,19,88,21,132,182,899,47,1
7,140,140,140,140,140,140,0,0,0,0,0,0,0,0,0,1
95,1484,672,1485,538,65,1486,36,68,901,885,1487,902,1488,1489,0,1
16,21,0,0,0,0,0,0,0,0,0,0,0,0,0,0,1
6,150,106,349,1490,0,0,0,0,0,0,0,0,0,0,0,1
7,0,0,0,0,0,0,0,0,0,0,0,0,0,0,0,1
27,36,100,84,101,118,20,1492,351,34,36,463,139,17,34,1493,1
18,1499,2,3,1500,7,33,176,85,0,0,0,0,0,0,0,1
142,101,10,0,0,0,0,0,0,0,0,0,0,0,0,0,1
95,400,1508,0,0,0,0,0,0,0,0,0,0,0,0,0,1
911,677,69,315,174,175,188,912,47,913,1532,1533,353,54,47,912,1
22,12,2,1544,34,1545,917,85,656,35,1546,1547,0,0,0,0,1
22,47,14,10,182,3,349,468,11,1548,6,7,27,210,33,0,1
7,561,0,0,0,0,0,0,0,0,0,0,0,0,0,0,1
0,0,0,0,0,0,0,0,0,0,0,0,0,0,0,0,1
57,63,3,51,1571,1572,877,470,163,0,0,0,0,0,0,0,1
22,246,1574,927,1575,54,686,0,0,0,0,0,0,0,0,0,1
16,74,1586,1587,1588,1589,1590,348,244,30,1591,280,1592,0,0,0,1
37,929,930,1593,1594,931,405,20,932,320,688,5,933,5,20,28,1
91,12,173,1595,1596,281,3,74,85,12,27,5,686,57,2,7,1
16,74,689,186,454,1597,255,3,0,0,0,0,0,0,0,0,1
934,6,0,0,0,0,0,0,0,0,0,0,0,0,0,0,1
178,74,1600,566,150,0,0,0,0,0,0,0,0,0,0,0,1
6,46,37,1601,12,33,935,936,0,0,0,0,0,0,0,0,1
0,0,0,0,0,0,0,0,0,0,0,0,0,0,0,0,1
66,676,1602,0,0,0,0,0,0,0,0,0,0,0,0,0,1
95,95,1603,5,5,0,0,0,0,0,0,0,0,0,0,0,1
171,436,1604,0,0,0,0,0,0,0,0,0,0,0,0,0,1
543,690,0,0,0,0,0,0,0,0,0,0,0,0,0,0,1
28,940,86,941,942,158,695,939,36,100,16,355,1617,33,156,6,1
6,1618,101,10,0,0,0,0,0,0,0,0,0,0,0,0,1
37,10,43,28,696,108,1619,524,0,0,0,0,0,0,0,0,1
57,2,14,8,1620,143,925,356,0,0,0,0,0,0,0,0,1
6,2,892,12,0,0,0,0,0,0,0,0,0,0,0,0,1
22,12,2,10,140,465,1622,3,181,1623,101,0,0,0,0,0,1
6,7,0,0,0,0,0,0,0,0,0,0,0,0,0,0,1
2,11,3,944,475,475,137,0,0,0,0,0,0,0,0,0,1
2,11,3,6,7,944,475,475,137,0,0,0,0,0,0,0,1
1624,0,0,0,0,0,0,0,0,0,0,0,0,0,0,0,1
702,1627,570,1628,1629,1630,1631,948,1632,1633,1634,0,0,0,0,0,1
0,0,0,0,0,0,0,0,0,0,0,0,0,0,0,0,1
0,0,0,0,0,0,0,0,0,0,0,0,0,0,0,0,1
95,525,221,33,0,0,0,0,0,0,0,0,0,0,0,0,1
22,57,2,40,14,8,181,40,25,85,34,479,7,33,0,0,1
67,390,1644,0,0,0,0,0,0,0,0,0,0,0,0,0,1
30,271,2,3,1645,1646,1647,1648,1649,1650,6,12,2,33,26,83,1
0,0,0,0,0,0,0,0,0,0,0,0,0,0,0,0,1
6,5,1651,1652,1653,17,0,0,0,0,0,0,0,0,0,0,1
1654,1655,300,56,21,324,16,478,953,954,0,0,0,0,0,0,1
6,240,14,546,955,240,29,906,1656,956,34,218,0,0,0,0,1
56,526,16,1657,111,183,248,408,282,183,0,0,0,0,0,0,1
7,572,1660,397,52,1661,101,0,0,0,0,0,0,0,0,0,1
91,12,6,847,573,1662,248,33,0,0,0,0,0,0,0,0,1
9,35,88,1663,56,704,1664,1665,97,0,0,0,0,0,0,0,1
165,1666,1667,1668,46,40,1669,0,0,0,0,0,0,0,0,0,1
73,457,705,1673,575,1674,262,30,1675,27,220,958,262,1676,406,6,1
4,0,0,0,0,0,0,0,0,0,0,0,0,0,0,0,1
22,47,63,959,0,0,0,0,0,0,0,0,0,0,0,0,1
2,576,155,12,5,95,357,0,0,0,0,0,0,0,0,0,1
7,1677,400,466,186,7,64,0,0,0,0,0,0,0,0,0,1
22,12,48,10,1678,18,1679,81,0,0,0,0,0,0,0,0,1
68,0,0,0,0,0,0,0,0,0,0,0,0,0,0,0,1
0,0,0,0,0,0,0,0,0,0,0,0,0,0,0,0,1
143,182,456,3,88,916,3,1681,5,6,37,7,57,196,224,7,1
546,186,16,960,263,252,960,6,63,3,5,7,5,6,122,17,1
0,0,0,0,0,0,0,0,0,0,0,0,0,0,0,0,1
0,0,0,0,0,0,0,0,0,0,0,0,0,0,0,0,1
6,2,378,19,386,0,0,0,0,0,0,0,0,0,0,0,1
53,961,1682,46,178,74,69,14,11,56,1683,0,0,0,0,0,1
7,6,0,0,0,0,0,0,0,0,0,0,0,0,0,0,1
2,49,3,242,6,7,0,0,0,0,0,0,0,0,0,0,1
7,10,0,0,0,0,0,0,0,0,0,0,0,0,0,0,1
551,92,15,10,14,3,63,1685,56,323,339,311,191,871,10,31,1
6,246,226,552,962,6,239,1686,1687,33,35,0,0,0,0,0,1
708,43,6,572,7,10,82,708,285,26,707,348,186,16,1688,707,1
212,8,212,15,280,326,0,0,0,0,0,0,0,0,0,0,1
20,709,709,1689,0,0,0,0,0,0,0,0,0,0,0,0,1
36,9,3,0,0,0,0,0,0,0,0,0,0,0,0,0,1
91,12,2,66,638,97,412,658,33,107,0,0,0,0,0,0,1
1690,118,8,27,122,107,45,7,63,82,1691,0,0,0,0,0,1
63,1692,286,396,263,1693,0,0,0,0,0,0,0,0,0,0,1
46,6,0,0,0,0,0,0,0,0,0,0,0,0,0,0,1
248,19,21,61,0,0,0,0,0,0,0,0,0,0,0,0,1
0,0,0,0,0,0,0,0,0,0,0,0,0,0,0,0,1
1694,963,59,14,964,965,966,963,59,14,964,965,966,1695,0,0,1
1696,967,1697,23,154,3,28,1698,704,165,0,0,0,0,0,0,1
0,0,0,0,0,0,0,0,0,0,0,0,0,0,0,0,1
63,14,3,5,7,710,33,1703,5,107,10,54,150,477,120,968,1
0,0,0,0,0,0,0,0,0,0,0,0,0,0,0,0,1
1707,70,199,16,970,6,2,62,0,0,0,0,0,0,0,0,1
46,111,7,1713,1714,31,0,0,0,0,0,0,0,0,0,0,1
113,358,19,60,184,0,0,0,0,0,0,0,0,0,0,0,1
0,0,0,0,0,0,0,0,0,0,0,0,0,0,0,0,1
1715,1716,1717,1718,0,0,0,0,0,0,0,0,0,0,0,0,1
1719,1720,1721,1722,1723,25,67,5,1724,1725,483,482,978,48,216,213,1
32,38,980,1731,49,249,24,41,6,53,148,63,1732,647,68,1733,1
1734,1735,0,0,0,0,0,0,0,0,0,0,0,0,0,0,1
22,12,37,2,3,173,1736,981,0,0,0,0,0,0,0,0,1
0,0,0,0,0,0,0,0,0,0,0,0,0,0,0,0,1
1737,18,1738,219,6,406,1739,0,0,0,0,0,0,0,0,0,1
0,0,0,0,0,0,0,0,0,0,0,0,0,0,0,0,1
0,0,0,0,0,0,0,0,0,0,0,0,0,0,0,0,1
3,95,63,3,95,63,3,95,63,3,95,63,3,95,63,3,1
37,10,2,982,4,0,0,0,0,0,0,0,0,0,0,0,1
5,1744,983,138,984,568,0,0,0,0,0,0,0,0,0,0,1
7,198,90,109,160,0,0,0,0,0,0,0,0,0,0,0,1
6,46,52,583,1746,6,54,312,149,30,438,0,0,0,0,0,1
95,1748,0,0,0,0,0,0,0,0,0,0,0,0,0,0,1
6,54,46,150,31,35,0,0,0,0,0,0,0,0,0,0,1
2,397,4,66,1753,0,0,0,0,0,0,0,0,0,0,0,1
111,344,388,0,0,0,0,0,0,0,0,0,0,0,0,0,1
45,53,37,10,63,82,3,27,985,1757,1758,12,24,60,66,710,1
91,12,902,1759,1760,174,64,49,486,530,38,29,411,878,0,0,1
1761,0,0,0,0,0,0,0,0,0,0,0,0,0,0,0,1
7,0,0,0,0,0,0,0,0,0,0,0,0,0,0,0,1
165,1771,6,12,52,717,33,718,0,0,0,0,0,0,0,0,1
2,3,6,34,139,52,30,1774,0,0,0,0,0,0,0,0,1
123,68,1775,144,35,0,0,0,0,0,0,0,0,0,0,0,1
121,107,5,18,1777,6,45,5,390,27,68,31,36,43,37,683,1
24,41,1780,1781,2,10,991,1782,1783,468,992,259,530,459,468,992,1
6,7,1784,18,198,90,1785,3,155,12,5,31,35,253,138,1786,1
1800,1801,584,253,197,117,842,43,16,1802,254,2,240,33,12,35,1
226,1803,3,36,723,154,92,70,74,50,139,53,124,405,996,997,1
0,0,0,0,0,0,0,0,0,0,0,0,0,0,0,0,1
63,3,647,0,0,0,0,0,0,0,0,0,0,0,0,0,1
6,2,1002,49,10,33,0,0,0,0,0,0,0,0,0,0,1
9,1816,0,0,0,0,0,0,0,0,0,0,0,0,0,0,1
1004,544,726,27,122,35,12,5,1817,887,0,0,0,0,0,0,1
489,41,6,208,30,14,1818,95,86,86,6,0,0,0,0,0,1
0,0,0,0,0,0,0,0,0,0,0,0,0,0,0,0,1
0,0,0,0,0,0,0,0,0,0,0,0,0,0,0,0,1
0,0,0,0,0,0,0,0,0,0,0,0,0,0,0,0,1
1006,75,705,21,559,536,211,183,0,0,0,0,0,0,0,0,1
22,12,140,2,8,10,136,86,327,1829,33,140,7,33,0,0,1
6,7,128,101,16,1008,176,172,3,43,345,19,490,0,0,0,1
22,12,7,10,269,6,0,0,0,0,0,0,0,0,0,0,1
1830,0,0,0,0,0,0,0,0,0,0,0,0,0,0,0,1
24,704,1836,32,967,1012,165,356,587,1837,1838,1013,491,50,54,312,1
95,400,0,0,0,0,0,0,0,0,0,0,0,0,0,0,1
56,344,1840,388,0,0,0,0,0,0,0,0,0,0,0,0,1
7,6,0,0,0,0,0,0,0,0,0,0,0,0,0,0,1
982,349,1851,730,46,12,1852,886,349,12,1006,1021,2,1853,1854,31,1
6,67,10,0,0,0,0,0,0,0,0,0,0,0,0,0,1
1859,1860,18,1861,1862,36,1023,214,18,1863,2,361,1864,1865,14,396,1
5,690,0,0,0,0,0,0,0,0,0,0,0,0,0,0,1
24,105,4,724,18,70,74,50,139,53,124,405,996,731,0,0,1
1025,1869,163,92,733,166,200,6,52,65,1026,50,9,1027,6,7,1
1870,1871,0,0,0,0,0,0,0,0,0,0,0,0,0,0,1
0,0,0,0,0,0,0,0,0,0,0,0,0,0,0,0,1
91,1873,114,14,10,6,37,2,7,210,0,0,0,0,0,0,1
5,149,288,0,0,0,0,0,0,0,0,0,0,0,0,0,1
983,58,45,1877,1878,588,1879,398,862,434,358,588,485,1880,6,46,1
0,0,0,0,0,0,0,0,0,0,0,0,0,0,0,0,1
0,0,0,0,0,0,0,0,0,0,0,0,0,0,0,0,1
0,0,0,0,0,0,0,0,0,0,0,0,0,0,0,0,1
248,1028,147,56,0,0,0,0,0,0,0,0,0,0,0,0,1
1890,21,78,246,589,0,0,0,0,0,0,0,0,0,0,0,1
56,344,243,215,0,0,0,0,0,0,0,0,0,0,0,0,1
322,53,4,578,1894,119,543,8,114,1895,1031,322,341,1896,4,230,1
231,724,9,3,18,108,241,329,96,110,50,492,211,405,734,1032,1
68,4,28,14,250,0,0,0,0,0,0,0,0,0,0,0,1
1903,338,1904,1905,462,1906,35,736,1907,1035,1908,1909,1910,590,1911,1912,1
0,0,0,0,0,0,0,0,0,0,0,0,0,0,0,0,1
9,24,591,227,463,48,1916,1917,1918,88,227,1919,1920,0,0,0,1
37,2,8,149,176,85,220,3,4,18,199,16,118,9,35,330,1
96,1923,2,10,0,0,0,0,0,0,0,0,0,0,0,0,1
95,221,1924,0,0,0,0,0,0,0,0,0,0,0,0,0,1
165,24,1926,728,0,0,0,0,0,0,0,0,0,0,0,0,1
48,10,0,0,0,0,0,0,0,0,0,0,0,0,0,0,1
448,14,11,115,2,1934,4,51,344,11,3,119,8,0,0,0,1
1935,5,1936,1937,248,1938,115,253,1939,1940,56,1941,258,56,345,248,1
316,184,30,1038,1039,48,1040,2,1942,1943,78,114,0,0,0,0,1
5,149,6,0,0,0,0,0,0,0,0,0,0,0,0,0,1
43,239,1944,1945,2,10,0,0,0,0,0,0,0,0,0,0,1
91,27,100,45,46,5,1946,147,0,0,0,0,0,0,0,0,1
140,46,108,74,1947,33,101,0,0,0,0,0,0,0,0,0,1
31,1950,400,5,0,0,0,0,0,0,0,0,0,0,0,0,1
6,7,10,0,0,0,0,0,0,0,0,0,0,0,0,0,1
19,741,49,6,67,10,0,0,0,0,0,0,0,0,0,0,1
1971,1972,63,1048,3,224,34,29,598,29,599,15,987,140,50,54,1
1028,147,56,483,1973,1974,329,706,248,0,0,0,0,0,0,0,1
22,728,1975,470,1976,452,29,1977,720,249,339,7,10,63,470,0,1
272,249,24,285,0,0,0,0,0,0,0,0,0,0,0,0,1
600,744,23,78,25,192,1050,318,1982,126,332,166,6,37,10,2,1
1983,1984,1985,1986,1987,0,0,0,0,0,0,0,0,0,0,0,1
88,1996,193,45,46,19,197,85,442,67,173,559,127,16,357,0,1
2,745,49,746,33,273,0,0,0,0,0,0,0,0,0,0,1
391,56,894,94,75,21,278,333,1998,186,543,95,0,0,0,0,1
7,7,64,0,0,0,0,0,0,0,0,0,0,0,0,0,1
140,7,10,121,101,101,64,121,46,0,0,0,0,0,0,0,1
6,67,2000,4,71,2001,180,4,0,0,0,0,0,0,0,0,1
22,18,2002,2003,18,14,450,27,122,2004,39,45,2,495,155,5,1
0,0,0,0,0,0,0,0,0,0,0,0,0,0,0,0,1
36,723,154,92,18,108,1054,329,96,747,50,492,211,405,734,1032,1
0,0,0,0,0,0,0,0,0,0,0,0,0,0,0,0,1
0,0,0,0,0,0,0,0,0,0,0,0,0,0,0,0,1
0,0,0,0,0,0,0,0,0,0,0,0,0,0,0,0,1
147,466,1055,0,0,0,0,0,0,0,0,0,0,0,0,0,1
10,6,6,6,6,18,199,16,126,17,2008,1056,2009,16,362,6,1
49,43,2,31,2010,748,0,0,0,0,0,0,0,0,0,0,1
23,67,23,3,6,165,24,6,6,6,165,165,165,24,24,24,1
0,0,0,0,0,0,0,0,0,0,0,0,0,0,0,0,1
0,0,0,0,0,0,0,0,0,0,0,0,0,0,0,0,1
346,540,4,49,196,34,218,6,7,46,40,107,53,30,111,273,1
0,0,0,0,0,0,0,0,0,0,0,0,0,0,0,0,1
117,138,45,53,205,2,11,192,538,246,19,81,57,223,31,29,1
2036,2037,0,0,0,0,0,0,0,0,0,0,0,0,0,0,1
670,182,898,671,29,312,549,161,461,19,88,21,132,182,899,47,1
2066,250,24,41,160,752,2067,2068,97,752,2069,2070,137,115,144,2071,1
0,0,0,0,0,0,0,0,0,0,0,0,0,0,0,0,1
2080,196,839,251,311,2081,12,438,2082,363,65,2,11,33,153,331,1
286,470,6,48,170,0,0,0,0,0,0,0,0,0,0,0,1
9,498,0,0,0,0,0,0,0,0,0,0,0,0,0,0,1
37,461,56,21,0,0,0,0,0,0,0,0,0,0,0,0,1
2,2083,86,2084,124,288,0,0,0,0,0,0,0,0,0,0,1
2,3,2085,2086,0,0,0,0,0,0,0,0,0,0,0,0,1
22,364,110,2087,1066,1008,117,95,2088,0,0,0,0,0,0,0,1
2,1002,10,0,0,0,0,0,0,0,0,0,0,0,0,0,1
232,28,100,35,6,115,139,740,100,35,34,9,52,32,38,65,1
6,742,183,165,2091,2092,2093,321,440,173,440,2094,54,150,0,0,1
2101,111,0,0,0,0,0,0,0,0,0,0,0,0,0,0,1
6,111,183,0,0,0,0,0,0,0,0,0,0,0,0,0,1
57,2,1070,0,0,0,0,0,0,0,0,0,0,0,0,0,1
6,7,40,31,0,0,0,0,0,0,0,0,0,0,0,0,1
6,165,2102,2103,646,990,400,2104,2105,0,0,0,0,0,0,0,1
754,220,2106,9,40,0,0,0,0,0,0,0,0,0,0,0,1
0,0,0,0,0,0,0,0,0,0,0,0,0,0,0,0,1
6,756,52,65,3,8,2115,499,24,41,757,994,31,35,1071,355,1
182,232,2128,2129,13,13,18,162,19,11,2,82,4,233,234,59,1
2,3,8,0,0,0,0,0,0,0,0,0,0,0,0,0,1
2,3,8,0,0,0,0,0,0,0,0,0,0,0,0,0,1
2,3,168,0,0,0,0,0,0,0,0,0,0,0,0,0,1
2,3,8,0,0,0,0,0,0,0,0,0,0,0,0,0,1
52,5,0,0,0,0,0,0,0,0,0,0,0,0,0,0,1
395,204,176,138,207,176,436,138,207,503,207,365,59,767,353,366,1
2,3,8,0,0,0,0,0,0,0,0,0,0,0,0,0,1
74,0,0,0,0,0,0,0,0,0,0,0,0,0,0,0,1
220,390,2175,2176,0,0,0,0,0,0,0,0,0,0,0,0,1
771,49,29,50,80,8,60,2177,0,0,0,0,0,0,0,0,1
50,2179,542,0,0,0,0,0,0,0,0,0,0,0,0,0,1
2,3,168,84,880,131,1098,128,29,109,4,9,609,0,0,0,1
53,67,3,8,0,0,0,0,0,0,0,0,0,0,0,0,1
50,2199,1042,0,0,0,0,0,0,0,0,0,0,0,0,0,1
5,478,1105,0,0,0,0,0,0,0,0,0,0,0,0,0,1
2,3,8,0,0,0,0,0,0,0,0,0,0,0,0,0,1
7,10,0,0,0,0,0,0,0,0,0,0,0,0,0,0,1
53,67,3,2212,0,0,0,0,0,0,0,0,0,0,0,0,1
2,3,8,0,0,0,0,0,0,0,0,0,0,0,0,0,1
5,17,80,0,0,0,0,0,0,0,0,0,0,0,0,0,1
2,3,8,0,0,0,0,0,0,0,0,0,0,0,0,0,1
2,71,8,0,0,0,0,0,0,0,0,0,0,0,0,0,1
2,3,8,0,0,0,0,0,0,0,0,0,0,0,0,0,1
54,574,0,0,0,0,0,0,0,0,0,0,0,0,0,0,1
7,2227,2228,0,0,0,0,0,0,0,0,0,0,0,0,0,1
8,142,7,7,64,88,94,540,8,3,233,234,59,0,0,0,1
84,927,119,7,10,63,314,141,175,67,155,28,223,117,2237,56,1
2238,9,610,4,593,133,128,610,4,5,63,7,158,2239,2240,610,1
2,71,2241,0,0,0,0,0,0,0,0,0,0,0,0,0,1
2,3,168,13,13,13,0,0,0,0,0,0,0,0,0,0,1
2,3,8,0,0,0,0,0,0,0,0,0,0,0,0,0,1
80,7,0,0,0,0,0,0,0,0,0,0,0,0,0,0,1
57,7,0,0,0,0,0,0,0,0,0,0,0,0,0,0,1
7,10,6,120,774,213,0,0,0,0,0,0,0,0,0,0,1
2,3,8,0,0,0,0,0,0,0,0,0,0,0,0,0,1
2,3,8,0,0,0,0,0,0,0,0,0,0,0,0,0,1
152,90,28,126,20,5,17,52,69,0,0,0,0,0,0,0,1
6,5,17,80,0,0,0,0,0,0,0,0,0,0,0,0,1
2,3,8,0,0,0,0,0,0,0,0,0,0,0,0,0,1
5,17,1109,0,0,0,0,0,0,0,0,0,0,0,0,0,1
2,3,8,0,0,0,0,0,0,0,0,0,0,0,0,0,1
2,71,8,0,0,0,0,0,0,0,0,0,0,0,0,0,1
2,3,8,0,0,0,0,0,0,0,0,0,0,0,0,0,1
2,3,8,0,0,0,0,0,0,0,0,0,0,0,0,0,1
2,3,8,0,0,0,0,0,0,0,0,0,0,0,0,0,1
2,3,2242,0,0,0,0,0,0,0,0,0,0,0,0,0,1
200,135,1112,2246,956,85,45,2247,1113,2248,909,2249,259,129,54,2250,1
2,3,8,0,0,0,0,0,0,0,0,0,0,0,0,0,1
2,3,8,0,0,0,0,0,0,0,0,0,0,0,0,0,1
2,3,8,0,0,0,0,0,0,0,0,0,0,0,0,0,1
2,71,168,13,13,13,0,0,0,0,0,0,0,0,0,0,1
2,3,8,0,0,0,0,0,0,0,0,0,0,0,0,0,1
2,71,168,13,0,0,0,0,0,0,0,0,0,0,0,0,1
2,3,8,0,0,0,0,0,0,0,0,0,0,0,0,0,1
2,3,8,0,0,0,0,0,0,0,0,0,0,0,0,0,1
2,3,8,0,0,0,0,0,0,0,0,0,0,0,0,0,1
1116,1117,2258,13,2259,2260,168,1118,1119,2261,2262,1115,889,1119,2263,2264,1
116,211,54,0,0,0,0,0,0,0,0,0,0,0,0,0,1
120,2,1120,7,6,43,101,285,18,480,0,0,0,0,0,0,1
2,3,8,0,0,0,0,0,0,0,0,0,0,0,0,0,1
2,3,8,0,0,0,0,0,0,0,0,0,0,0,0,0,1
7,169,173,101,64,0,0,0,0,0,0,0,0,0,0,0,1
2,3,8,0,0,0,0,0,0,0,0,0,0,0,0,0,1
6,7,2265,0,0,0,0,0,0,0,0,0,0,0,0,0,1
18,32,38,2266,380,43,12,46,379,3,339,9,11,9,7,25,1
2,2267,235,496,0,0,0,0,0,0,0,0,0,0,0,0,1
7,10,0,0,0,0,0,0,0,0,0,0,0,0,0,0,1
6,441,776,74,345,16,0,0,0,0,0,0,0,0,0,0,1
7,80,0,0,0,0,0,0,0,0,0,0,0,0,0,0,1
2,3,8,13,0,0,0,0,0,0,0,0,0,0,0,0,1
22,7,2268,367,39,0,0,0,0,0,0,0,0,0,0,0,1
2,71,1121,0,0,0,0,0,0,0,0,0,0,0,0,0,1
2,3,8,0,0,0,0,0,0,0,0,0,0,0,0,0,1
2,71,8,0,0,0,0,0,0,0,0,0,0,0,0,0,1
5,17,269,0,0,0,0,0,0,0,0,0,0,0,0,0,1
156,82,3,8,127,44,15,5,17,506,0,0,0,0,0,0,1
13,6,46,16,74,354,738,858,0,0,0,0,0,0,0,0,1
5,17,80,3,197,2269,2270,0,0,0,0,0,0,0,0,0,1
2,71,168,13,0,0,0,0,0,0,0,0,0,0,0,0,1
2,71,8,0,0,0,0,0,0,0,0,0,0,0,0,0,1
13,13,13,2271,2272,13,54,20,2273,13,13,13,13,13,13,13,1
5,17,80,0,0,0,0,0,0,0,0,0,0,0,0,0,1
74,2274,13,13,13,13,13,13,13,13,13,13,687,16,1081,1122,1
2,3,8,0,0,0,0,0,0,0,0,0,0,0,0,0,1
5,17,478,80,0,0,0,0,0,0,0,0,0,0,0,0,1
2,3,8,0,0,0,0,0,0,0,0,0,0,0,0,0,1
5,17,6,0,0,0,0,0,0,0,0,0,0,0,0,0,1
2,71,8,0,0,0,0,0,0,0,0,0,0,0,0,0,1
5,7,0,0,0,0,0,0,0,0,0,0,0,0,0,0,1
5,17,80,975,0,0,0,0,0,0,0,0,0,0,0,0,1
99,3,2275,2,418,3,10,16,65,35,330,1059,233,234,59,0,1
2,71,8,0,0,0,0,0,0,0,0,0,0,0,0,0,1
2,71,8,460,0,0,0,0,0,0,0,0,0,0,0,0,1
7,777,778,779,780,59,2276,501,487,454,2277,0,0,0,0,0,1
80,7,777,778,779,780,59,0,0,0,0,0,0,0,0,0,1
2,71,8,0,0,0,0,0,0,0,0,0,0,0,0,0,1
5,17,60,1123,4,32,0,0,0,0,0,0,0,0,0,0,1
7,0,0,0,0,0,0,0,0,0,0,0,0,0,0,0,1
2,3,8,0,0,0,0,0,0,0,0,0,0,0,0,0,1
3,781,10,84,74,0,0,0,0,0,0,0,0,0,0,0,1
2,3,8,0,0,0,0,0,0,0,0,0,0,0,0,0,1
7,1120,0,0,0,0,0,0,0,0,0,0,0,0,0,0,1
2278,2279,2280,590,499,0,0,0,0,0,0,0,0,0,0,0,1
2,3,8,0,0,0,0,0,0,0,0,0,0,0,0,0,1
2,71,8,0,0,0,0,0,0,0,0,0,0,0,0,0,1
2,3,2281,2282,13,13,13,13,13,0,0,0,0,0,0,0,1
2,3,168,13,0,0,0,0,0,0,0,0,0,0,0,0,1
74,1124,2283,46,178,283,756,2284,0,0,0,0,0,0,0,0,1
2,3,8,0,0,0,0,0,0,0,0,0,0,0,0,0,1
2,3,8,0,0,0,0,0,0,0,0,0,0,0,0,0,1
2,3,8,0,0,0,0,0,0,0,0,0,0,0,0,0,1
2,71,8,0,0,0,0,0,0,0,0,0,0,0,0,0,1
2,71,8,0,0,0,0,0,0,0,0,0,0,0,0,0,1
2,3,8,0,0,0,0,0,0,0,0,0,0,0,0,0,1
59,0,0,0,0,0,0,0,0,0,0,0,0,0,0,0,1
2,3,8,0,0,0,0,0,0,0,0,0,0,0,0,0,1
121,21,2,10,2285,182,16,0,0,0,0,0,0,0,0,0,1
2,71,8,0,0,0,0,0,0,0,0,0,0,0,0,0,1
5,17,269,0,0,0,0,0,0,0,0,0,0,0,0,0,1
89,15,3,279,79,20,2299,2300,2301,2302,340,2303,2304,13,13,124,1
2,71,8,0,0,0,0,0,0,0,0,0,0,0,0,0,1
2,3,8,0,0,0,0,0,0,0,0,0,0,0,0,0,1
6,332,82,74,31,0,0,0,0,0,0,0,0,0,0,0,1
16,15,74,269,0,0,0,0,0,0,0,0,0,0,0,0,1
2,3,8,0,0,0,0,0,0,0,0,0,0,0,0,0,1
2,3,8,0,0,0,0,0,0,0,0,0,0,0,0,0,1
125,2305,57,10,7,0,0,0,0,0,0,0,0,0,0,0,1
2,131,3,890,233,234,59,0,0,0,0,0,0,0,0,0,1
92,2,2311,126,10,8,2312,52,1127,606,2313,395,210,2314,2315,2316,1
255,758,782,2317,942,1128,1129,2318,782,1129,2319,782,422,7,2320,435,1
2,71,8,0,0,0,0,0,0,0,0,0,0,0,0,0,1
2,3,8,0,0,0,0,0,0,0,0,0,0,0,0,0,1
2,71,8,0,0,0,0,0,0,0,0,0,0,0,0,0,1
2,3,168,13,13,13,13,13,0,0,0,0,0,0,0,0,1
13,261,7,783,13,2321,0,0,0,0,0,0,0,0,0,0,1
2,3,8,0,0,0,0,0,0,0,0,0,0,0,0,0,1
2,3,8,0,0,0,0,0,0,0,0,0,0,0,0,0,1
2,3,8,0,0,0,0,0,0,0,0,0,0,0,0,0,1
2,3,8,0,0,0,0,0,0,0,0,0,0,0,0,0,1
59,0,0,0,0,0,0,0,0,0,0,0,0,0,0,0,1
2,3,8,0,0,0,0,0,0,0,0,0,0,0,0,0,1
2,71,1121,0,0,0,0,0,0,0,0,0,0,0,0,0,1
2,3,8,0,0,0,0,0,0,0,0,0,0,0,0,0,1
2,71,2322,0,0,0,0,0,0,0,0,0,0,0,0,0,1
2,71,8,0,0,0,0,0,0,0,0,0,0,0,0,0,1
5,2323,63,0,0,0,0,0,0,0,0,0,0,0,0,0,1
2,3,8,0,0,0,0,0,0,0,0,0,0,0,0,0,1
2,3,2324,0,0,0,0,0,0,0,0,0,0,0,0,0,1
2,3,8,0,0,0,0,0,0,0,0,0,0,0,0,0,1
2,3,8,0,0,0,0,0,0,0,0,0,0,0,0,0,1
2,3,8,0,0,0,0,0,0,0,0,0,0,0,0,0,1
2,3,8,0,0,0,0,0,0,0,0,0,0,0,0,0,1
2,3,8,0,0,0,0,0,0,0,0,0,0,0,0,0,1
2,3,8,0,0,0,0,0,0,0,0,0,0,0,0,0,1
2,3,2325,0,0,0,0,0,0,0,0,0,0,0,0,0,1
2,3,8,0,0,0,0,0,0,0,0,0,0,0,0,0,1
59,6,406,46,2326,6,121,411,53,957,0,0,0,0,0,0,1
2,3,8,0,0,0,0,0,0,0,0,0,0,0,0,0,1
2,3,8,0,0,0,0,0,0,0,0,0,0,0,0,0,1
893,150,6,7,10,735,28,2327,0,0,0,0,0,0,0,0,1
2,3,8,0,0,0,0,0,0,0,0,0,0,0,0,0,1
2,3,8,0,0,0,0,0,0,0,0,0,0,0,0,0,1
7,10,13,2328,97,95,221,2329,13,95,64,0,0,0,0,0,1
43,101,176,10,7,2330,2331,0,0,0,0,0,0,0,0,0,1
2,71,8,0,0,0,0,0,0,0,0,0,0,0,0,0,1
7,7,64,0,0,0,0,0,0,0,0,0,0,0,0,0,1
2,71,8,0,0,0,0,0,0,0,0,0,0,0,0,0,1
2,71,2332,0,0,0,0,0,0,0,0,0,0,0,0,0,1
2,3,8,0,0,0,0,0,0,0,0,0,0,0,0,0,1
2,3,8,0,0,0,0,0,0,0,0,0,0,0,0,0,1
2,3,8,0,0,0,0,0,0,0,0,0,0,0,0,0,1
2,3,2333,0,0,0,0,0,0,0,0,0,0,0,0,0,1
2,3,8,0,0,0,0,0,0,0,0,0,0,0,0,0,1
2,3,8,0,0,0,0,0,0,0,0,0,0,0,0,0,1
2,3,8,0,0,0,0,0,0,0,0,0,0,0,0,0,1
2,3,8,0,0,0,0,0,0,0,0,0,0,0,0,0,1
7,10,288,752,2334,0,0,0,0,0,0,0,0,0,0,0,1
22,12,7,561,7,64,5,397,13,13,0,0,0,0,0,0,1
2,3,8,0,0,0,0,0,0,0,0,0,0,0,0,0,1
2,3,8,0,0,0,0,0,0,0,0,0,0,0,0,0,1
376,20,143,2335,1127,7,10,276,3,2336,2337,31,0,0,0,0,1
2,3,8,0,0,0,0,0,0,0,0,0,0,0,0,0,1
2,3,8,0,0,0,0,0,0,0,0,0,0,0,0,0,1
2,3,8,0,0,0,0,0,0,0,0,0,0,0,0,0,1
74,6,0,0,0,0,0,0,0,0,0,0,0,0,0,0,1
28,68,2347,2348,141,2349,2350,2351,2352,2353,2354,412,96,143,467,141,1
91,47,99,2,209,25,0,0,0,0,0,0,0,0,0,0,1
2,408,2355,2356,2357,59,0,0,0,0,0,0,0,0,0,0,1
2,3,2358,38,250,60,214,0,0,0,0,0,0,0,0,0,1
2,8,10,99,2359,0,0,0,0,0,0,0,0,0,0,0,1
2,3,8,0,0,0,0,0,0,0,0,0,0,0,0,0,1
346,540,4,49,196,218,6,7,2360,46,40,107,53,30,111,273,1
7,0,0,0,0,0,0,0,0,0,0,0,0,0,0,0,1
2361,127,74,19,340,3,46,379,0,0,0,0,0,0,0,0,1
2362,1130,3,20,9,116,134,33,80,6,7,0,0,0,0,0,1
496,25,364,7,6,27,104,14,435,10,2364,2365,577,127,101,31,1
104,7,0,0,0,0,0,0,0,0,0,0,0,0,0,0,1
2,3,2366,0,0,0,0,0,0,0,0,0,0,0,0,0,1
2,3,8,0,0,0,0,0,0,0,0,0,0,0,0,0,1
74,67,15,89,1131,0,0,0,0,0,0,0,0,0,0,0,1
2,3,8,0,0,0,0,0,0,0,0,0,0,0,0,0,1
2,8,10,96,0,0,0,0,0,0,0,0,0,0,0,0,1
2,3,8,0,0,0,0,0,0,0,0,0,0,0,0,0,1
2,3,1132,0,0,0,0,0,0,0,0,0,0,0,0,0,1
230,219,231,2,11,10,245,27,122,107,35,9,0,0,0,0,1
2,3,8,0,0,0,0,0,0,0,0,0,0,0,0,0,1
132,7,0,0,0,0,0,0,0,0,0,0,0,0,0,0,1
316,2,96,10,18,166,70,2367,1045,0,0,0,0,0,0,0,1
37,2,3,0,0,0,0,0,0,0,0,0,0,0,0,0,1
5,17,0,0,0,0,0,0,0,0,0,0,0,0,0,0,1
2,3,8,0,0,0,0,0,0,0,0,0,0,0,0,0,1
7,0,0,0,0,0,0,0,0,0,0,0,0,0,0,0,1
2,3,168,448,750,2368,142,560,713,2369,13,0,0,0,0,0,1
29,2372,2373,2,2374,13,1133,1133,2375,111,183,2376,255,2377,13,59,1
2,11,2378,0,0,0,0,0,0,0,0,0,0,0,0,0,1
2,3,8,0,0,0,0,0,0,0,0,0,0,0,0,0,1
2,136,3,2379,1076,2380,2381,10,0,0,0,0,0,0,0,0,1
7,85,2382,162,275,0,0,0,0,0,0,0,0,0,0,0,1
2383,7,10,391,6,31,719,391,107,26,3,1134,0,0,0,0,1
1135,7,506,116,10,99,1056,0,0,0,0,0,0,0,0,0,1
14,10,16,74,772,186,2384,843,5,17,150,28,232,88,2385,37,1
2,784,2386,2387,2388,0,0,0,0,0,0,0,0,0,0,0,1
2389,2390,2391,149,147,6,0,0,0,0,0,0,0,0,0,0,1
22,785,2392,577,2393,13,27,122,39,45,2394,2395,0,0,0,0,1
7,10,0,0,0,0,0,0,0,0,0,0,0,0,0,0,1
91,12,6,2,397,2396,7,0,0,0,0,0,0,0,0,0,1
22,140,2,11,3,33,0,0,0,0,0,0,0,0,0,0,1
2,124,783,13,13,7,5,0,0,0,0,0,0,0,0,0,1
2,56,378,80,3,2403,2404,13,59,0,0,0,0,0,0,0,1
47,6,7,10,37,67,3,0,0,0,0,0,0,0,0,0,1
47,6,7,10,37,67,3,0,0,0,0,0,0,0,0,0,1
47,6,37,7,10,2408,3,0,0,0,0,0,0,0,0,0,1
5,17,269,0,0,0,0,0,0,0,0,0,0,0,0,0,1
786,120,18,108,241,329,96,747,50,492,211,405,734,394,19,1138,1
126,50,2409,2410,83,0,0,0,0,0,0,0,0,0,0,0,1
1139,86,693,755,0,0,0,0,0,0,0,0,0,0,0,0,1
601,2411,14,233,234,59,8,15,119,141,504,2412,236,0,0,0,1
125,2413,0,0,0,0,0,0,0,0,0,0,0,0,0,0,1
37,2,576,3,51,861,2414,6,0,0,0,0,0,0,0,0,1
2415,2416,2417,0,0,0,0,0,0,0,0,0,0,0,0,0,1
46,16,101,6,0,0,0,0,0,0,0,0,0,0,0,0,1
4,2,2422,1137,1140,184,70,242,255,166,42,2423,2424,109,4,10,1
59,0,0,0,0,0,0,0,0,0,0,0,0,0,0,0,1
53,67,3,8,0,0,0,0,0,0,0,0,0,0,0,0,1
2,10,68,289,0,0,0,0,0,0,0,0,0,0,0,0,1
2,71,8,0,0,0,0,0,0,0,0,0,0,0,0,0,1
5,6,0,0,0,0,0,0,0,0,0,0,0,0,0,0,1
962,82,4,2439,43,1144,155,5,53,115,59,0,0,0,0,0,1
57,2,2440,507,2441,3,345,16,11,2442,14,20,0,0,0,0,1
2,71,8,0,0,0,0,0,0,0,0,0,0,0,0,0,1
2443,284,52,261,6,18,70,81,18,198,90,54,216,459,18,99,1
37,64,263,224,1146,158,43,37,64,2445,2446,283,144,272,144,788,1
2,71,8,0,0,0,0,0,0,0,0,0,0,0,0,0,1
2,3,8,0,0,0,0,0,0,0,0,0,0,0,0,0,1
2,3,8,0,0,0,0,0,0,0,0,0,0,0,0,0,1
2,71,2448,0,0,0,0,0,0,0,0,0,0,0,0,0,1
2,71,8,0,0,0,0,0,0,0,0,0,0,0,0,0,1
2451,29,1147,2452,2453,141,277,729,2454,1148,42,2455,82,2456,1149,2457,1
2,3,8,0,0,0,0,0,0,0,0,0,0,0,0,0,1
2,3,168,13,13,0,0,0,0,0,0,0,0,0,0,0,1
2,14,137,13,111,111,0,0,0,0,0,0,0,0,0,0,1
2,71,8,0,0,0,0,0,0,0,0,0,0,0,0,0,1
204,402,692,504,127,402,315,1051,2460,30,205,7,109,128,117,443,1
2464,7,0,0,0,0,0,0,0,0,0,0,0,0,0,0,1
2,3,8,0,0,0,0,0,0,0,0,0,0,0,0,0,1
8,10,58,76,174,52,40,789,64,286,4,12,85,5,437,138,1
2,3,8,0,0,0,0,0,0,0,0,0,0,0,0,0,1
7,361,3,0,0,0,0,0,0,0,0,0,0,0,0,0,1
2,3,8,0,0,0,0,0,0,0,0,0,0,0,0,0,1
2,3,2468,2469,0,0,0,0,0,0,0,0,0,0,0,0,1
7,1111,42,0,0,0,0,0,0,0,0,0,0,0,0,0,1
45,48,10,17,3,7,27,104,148,92,31,20,790,65,36,100,1
2,3,8,0,0,0,0,0,0,0,0,0,0,0,0,0,1
12,239,411,2470,9,565,1048,2471,0,0,0,0,0,0,0,0,1
2,49,4,0,0,0,0,0,0,0,0,0,0,0,0,0,1
2,3,8,0,0,0,0,0,0,0,0,0,0,0,0,0,1
2,10,136,2474,33,0,0,0,0,0,0,0,0,0,0,0,1
556,5,423,7,356,423,0,0,0,0,0,0,0,0,0,0,1
27,5,3,6,172,151,929,447,86,2475,599,2476,746,6,7,5,1
2,3,8,0,0,0,0,0,0,0,0,0,0,0,0,0,1
12,54,3,303,15,54,147,649,149,0,0,0,0,0,0,0,1
2,42,96,153,154,3,0,0,0,0,0,0,0,0,0,0,1
5,17,172,0,0,0,0,0,0,0,0,0,0,0,0,0,1
5,17,172,0,0,0,0,0,0,0,0,0,0,0,0,0,1
2,3,8,0,0,0,0,0,0,0,0,0,0,0,0,0,1
563,261,2483,2484,377,1034,2485,2486,2487,2488,2489,184,2490,2491,751,2492,1
174,5,157,130,113,16,131,1143,4,5,241,157,130,347,19,2501,1
2,14,184,3,424,51,425,0,0,0,0,0,0,0,0,0,1
2,14,184,3,424,51,425,0,0,0,0,0,0,0,0,0,1
2504,2505,147,792,56,248,961,792,245,953,56,2506,56,248,6,48,1
14,4,51,2509,205,29,27,985,330,191,6,50,20,28,33,138,1
37,2,2514,2515,42,0,0,0,0,0,0,0,0,0,0,0,1
2,3,8,233,234,59,233,234,59,233,234,59,233,234,59,0,1
146,45,291,370,427,20,28,189,371,291,45,19,81,57,223,31,1
7,789,0,0,0,0,0,0,0,0,0,0,0,0,0,0,1
32,82,78,8,11,2517,16,2518,1155,559,2519,1158,3,2520,228,32,1
2,231,14,4,1163,2521,0,0,0,0,0,0,0,0,0,0,1
2,209,3,0,0,0,0,0,0,0,0,0,0,0,0,0,1
2,209,3,0,0,0,0,0,0,0,0,0,0,0,0,0,1
121,400,934,573,5,2,2522,16,495,245,0,0,0,0,0,0,1
2,14,184,3,424,51,425,0,0,0,0,0,0,0,0,0,1
2,14,184,3,424,51,425,0,0,0,0,0,0,0,0,0,1
146,45,291,370,427,20,28,189,371,291,45,19,81,57,223,31,1
6,2,4,448,386,2524,0,0,0,0,0,0,0,0,0,0,1
63,3,7,0,0,0,0,0,0,0,0,0,0,0,0,0,1
7,356,423,0,0,0,0,0,0,0,0,0,0,0,0,0,1
1164,2525,2526,2527,0,0,0,0,0,0,0,0,0,0,0,0,1
2528,1165,2529,219,793,5,7,186,2530,2531,196,563,30,9,367,0,1
2,14,184,3,424,51,425,0,0,0,0,0,0,0,0,0,1
2534,1167,2535,2536,930,2537,1168,2538,1169,2539,2540,2541,2542,2543,2544,2545,1
1171,2548,2549,2550,2551,1050,2552,2553,2554,2555,2556,2557,2558,2559,2560,2561,1
2563,2564,2565,795,795,2566,1173,2567,2568,2569,2570,1174,2571,2572,2573,1175,1
2580,794,2581,1173,1177,174,2582,776,99,2583,2584,2585,2586,1178,1009,1168,1
2589,2590,2591,2592,2593,2594,2595,2596,2597,2598,2599,166,1065,2600,2601,2602,1
2610,2611,2612,2613,2614,2615,1181,1182,2616,2617,2618,2619,2620,2621,2622,2623,1
54,228,32,3,239,45,28,1183,2624,796,5,17,47,28,32,42,1
5,17,54,3,495,239,1184,0,0,0,0,0,0,0,0,0,1
2,3,168,13,42,180,0,0,0,0,0,0,0,0,0,0,1
652,2625,2,4,51,2626,0,0,0,0,0,0,0,0,0,0,1
2,3,8,0,0,0,0,0,0,0,0,0,0,0,0,0,1
2,3,8,59,42,415,93,9,58,167,0,0,0,0,0,0,1
2629,1185,1170,1179,1180,2630,2631,2632,1186,2633,2634,2635,1169,2636,2637,2638,1
2640,730,2641,2642,2643,1178,1167,2644,1187,502,369,1188,2645,1004,795,753,1
2,3,8,0,0,0,0,0,0,0,0,0,0,0,0,0,1
63,8,3,2648,1184,228,2649,140,54,165,0,0,0,0,0,0,1
6,2,14,4,11,3,1190,213,0,0,0,0,0,0,0,0,1
176,40,1037,5,7,11,2657,6,0,0,0,0,0,0,0,0,1
69,77,48,77,2,1104,2658,1191,850,2659,2660,786,471,2661,2662,2663,1
77,48,77,2,799,204,2664,1192,2665,276,317,2666,800,2667,2668,325,1
152,90,37,174,152,90,200,82,2672,508,2,2673,362,837,83,288,1
48,77,2,2679,2680,2681,2682,1138,2683,283,2684,191,256,801,2685,584,1
6,2,14,4,11,3,1190,34,213,0,0,0,0,0,0,0,1
77,48,77,2,750,2686,2687,2688,764,2689,1182,2690,2691,2692,2693,1195,1
102,69,77,48,77,2,1196,2694,800,2695,2696,571,2697,951,2698,2699,1
2,42,97,268,2700,0,0,0,0,0,0,0,0,0,0,0,1
288,12,133,2701,2,10,286,3,5,7,27,68,0,0,0,0,1
2707,29,271,2708,2709,11,271,110,154,111,390,33,50,232,319,28,1
36,174,30,287,4,6,37,2,7,27,122,39,133,159,139,42,1
2718,45,2,10,2719,0,0,0,0,0,0,0,0,0,0,0,1
69,87,48,87,2,1108,2721,2722,702,733,2723,2724,105,2725,2726,428,1
87,48,87,2,15,2727,2728,2729,2730,2731,2732,578,693,2733,2734,301,1
87,48,87,2,869,2735,1191,2736,2737,212,2738,360,1172,2739,2740,699,1
121,8,74,2741,2742,2743,312,0,0,0,0,0,0,0,0,0,1
2,10,0,0,0,0,0,0,0,0,0,0,0,0,0,0,1
427,368,28,189,371,291,45,19,81,57,803,29,97,319,153,331,1
8,46,188,6,52,65,50,17,20,28,770,100,7,6,9,710,1
2,3,8,0,0,0,0,0,0,0,0,0,0,0,0,0,1
1204,7,10,33,138,615,615,26,11,784,1204,7,10,33,138,615,1
2753,40,7,64,0,0,0,0,0,0,0,0,0,0,0,0,1
2,49,9,58,167,6,0,0,0,0,0,0,0,0,0,0,1
2,2754,11,119,273,26,11,316,0,0,0,0,0,0,0,0,1
87,48,87,2,2755,2756,2757,491,2758,2759,2760,714,800,468,398,11,1
87,48,87,2,2761,2762,2763,2764,164,2765,2766,2767,2768,1196,2769,1195,1
87,48,87,2,2770,2771,2772,2773,1018,2774,2775,574,2776,1124,2777,2778,1
87,48,87,2,2779,671,2780,2781,702,2782,2783,245,2784,1186,2785,2786,1
2,10,18,32,38,70,0,0,0,0,0,0,0,0,0,0,1
1131,7,10,1205,0,0,0,0,0,0,0,0,0,0,0,0,1
22,2,10,6,0,0,0,0,0,0,0,0,0,0,0,0,1
2,509,1207,30,318,1207,509,236,0,0,0,0,0,0,0,0,1
2,2789,561,0,0,0,0,0,0,0,0,0,0,0,0,0,1
2792,2793,52,2794,2795,2796,2797,801,2,0,0,0,0,0,0,0,1
266,137,93,295,266,137,93,295,266,137,93,295,266,137,111,7,1
2,3,8,0,0,0,0,0,0,0,0,0,0,0,0,0,1
16,15,1208,74,120,0,0,0,0,0,0,0,0,0,0,0,1
37,2,42,1209,0,0,0,0,0,0,0,0,0,0,0,0,1
7,15,46,2806,81,45,169,17,2807,25,85,27,35,330,88,31,1
42,16,2808,102,15,27,89,411,0,0,0,0,0,0,0,0,1
2,2809,2810,2811,0,0,0,0,0,0,0,0,0,0,0,0,1
2,3,8,0,0,0,0,0,0,0,0,0,0,0,0,0,1
427,368,28,189,371,291,45,19,81,57,803,29,97,319,153,331,1
473,5,93,1211,1212,1213,591,806,39,2,1214,1215,473,5,612,717,1
2,231,10,296,2,231,10,296,2,231,10,296,2,231,10,296,1
7,528,42,117,0,0,0,0,0,0,0,0,0,0,0,0,1
487,2,171,0,0,0,0,0,0,0,0,0,0,0,0,0,1
54,3,4,289,171,157,130,0,0,0,0,0,0,0,0,0,1
2,137,2814,415,2815,2816,367,9,0,0,0,0,0,0,0,0,1
2,10,6,0,0,0,0,0,0,0,0,0,0,0,0,0,1
2820,16,807,81,616,188,110,169,271,6,7,6,5,2821,20,28,1
310,694,14,2822,3,439,93,2823,416,2824,1217,2,3,119,420,2825,1
2,3,7,5,1218,0,0,0,0,0,0,0,0,0,0,0,1
427,368,28,189,371,291,45,19,81,57,803,29,97,319,153,331,1
25,2827,106,17,2828,217,798,33,12,2829,36,35,7,10,2830,31,1
118,576,6,2,170,169,386,7,88,5,17,28,19,10,197,2831,1
2,3,8,0,0,0,0,0,0,0,0,0,0,0,0,0,1
96,117,2,197,2832,49,5,17,35,330,0,0,0,0,0,0,1
22,34,2,169,1224,5,33,718,12,163,75,81,57,223,1225,1226,1
22,34,2,169,1224,5,33,718,12,163,75,81,57,223,1225,1226,1
2,10,28,93,2836,658,0,0,0,0,0,0,0,0,0,0,1
128,2837,14,154,3,42,15,5,7,0,0,0,0,0,0,0,1
2,14,184,3,424,51,425,0,0,0,0,0,0,0,0,0,1
2841,12,6,2,96,3,18,18,2842,1227,16,9,6,2843,31,0,1
57,7,10,6,0,0,0,0,0,0,0,0,0,0,0,0,1
37,2,4,2845,1210,2846,180,200,31,2,2,60,180,200,146,182,1
54,5,149,239,598,1228,93,573,312,117,93,0,0,0,0,0,1
54,5,149,239,598,1228,93,573,312,117,93,0,0,0,0,0,1
2,149,429,289,0,0,0,0,0,0,0,0,0,0,0,0,1
67,54,3,6,0,0,0,0,0,0,0,0,0,0,0,0,1
2,3,8,0,0,0,0,0,0,0,0,0,0,0,0,0,1
5,97,7,0,0,0,0,0,0,0,0,0,0,0,0,0,1
166,2,2849,349,51,751,2850,537,23,349,78,40,86,2851,1220,2852,1
617,1231,5,2854,264,509,127,2855,67,3,2856,617,1231,127,672,1098,1
28,95,2859,238,132,7,6,616,188,110,46,178,2860,1216,117,2861,1
7,19,11,0,0,0,0,0,0,0,0,0,0,0,0,0,1
7,9,42,0,0,0,0,0,0,0,0,0,0,0,0,0,1
9,93,7,0,0,0,0,0,0,0,0,0,0,0,0,0,1
9,93,7,0,0,0,0,0,0,0,0,0,0,0,0,0,1
2,11,3,561,0,0,0,0,0,0,0,0,0,0,0,0,1
2,346,149,8,1232,2,267,4,682,1233,1234,0,0,0,0,0,1
45,12,6,2,10,1235,289,0,0,0,0,0,0,0,0,0,1
47,57,2,14,1236,2867,119,0,0,0,0,0,0,0,0,0,1
2,3,8,0,0,0,0,0,0,0,0,0,0,0,0,0,1
1192,2869,6,53,205,2,510,8,31,35,146,128,5,17,336,443,1
22,12,888,811,64,2,3,8,14,510,2,11,689,33,146,0,1
151,2871,114,110,616,2872,2873,1165,2874,100,169,110,386,188,1235,524,1
125,114,30,42,4,10,45,12,220,5,6,121,7,33,0,0,1
6,7,95,2877,81,63,238,36,122,107,31,181,271,616,188,110,1
36,100,53,29,169,387,445,264,84,74,15,82,433,229,619,620,1
1244,1245,232,7,43,283,332,362,1246,1247,507,47,119,813,796,33,1
2,10,96,645,853,11,0,0,0,0,0,0,0,0,0,0,1
429,289,2,149,0,0,0,0,0,0,0,0,0,0,0,0,1
233,234,59,233,234,59,233,234,59,42,9,58,167,415,93,59,1
70,472,155,25,111,183,2,10,34,43,259,594,924,25,34,111,1
34,5,52,65,505,442,88,6,53,148,92,50,17,27,313,2881,1
6,2,3,51,621,9,277,622,623,33,0,0,0,0,0,0,1
771,756,2882,121,2,12,481,624,2883,8,0,0,0,0,0,0,1
16,1054,25,798,46,169,5,17,149,155,45,192,7,27,66,33,1
429,289,2,149,0,0,0,0,0,0,0,0,0,0,0,0,1
2,154,0,0,0,0,0,0,0,0,0,0,0,0,0,0,1
10,27,9,45,2,52,65,50,7,5,109,115,36,100,31,29,1
91,1248,2,9,58,167,144,1183,126,232,3,154,33,0,0,0,1
814,17,104,0,0,0,0,0,0,0,0,0,0,0,0,0,1
2887,31,2888,447,2889,1144,2890,0,0,0,0,0,0,0,0,0,1
22,47,2,10,169,5,7,6,4,43,182,173,17,16,33,0,1
43,19,453,21,2,149,1249,236,34,218,1250,0,0,0,0,0,1
7,54,9,75,3,43,5,35,1047,258,56,17,52,40,2895,31,1
286,2897,204,37,170,2898,1253,591,2899,2900,2901,16,315,915,273,2902,1
42,117,2,14,4,2904,2905,111,183,182,31,0,0,0,0,0,1
1254,70,45,2,10,176,85,192,7,5,27,36,100,849,532,33,1
2,14,3,114,51,621,9,277,622,623,31,35,0,0,0,0,1
36,100,53,29,169,387,445,264,84,74,15,82,433,229,619,620,1
88,2,2910,37,2911,2912,0,0,0,0,0,0,0,0,0,0,1
91,12,2,846,1205,104,2916,0,0,0,0,0,0,0,0,0,1
6,2,8,10,1101,82,8,3,6,2,191,0,0,0,0,0,1
1227,135,70,2,30,264,10,0,0,0,0,0,0,0,0,0,1
2,2919,3,10,0,0,0,0,0,0,0,0,0,0,0,0,1
42,14,4,2,3,0,0,0,0,0,0,0,0,0,0,0,1
2,3,8,0,0,0,0,0,0,0,0,0,0,0,0,0,1
2923,2924,651,21,122,2925,6,5,2926,16,2927,2928,20,5,42,504,1
7,6,12,0,0,0,0,0,0,0,0,0,0,0,0,0,1
3,8,698,498,10,8,2929,2930,2931,392,1208,101,320,1194,600,744,1
36,100,53,29,169,387,445,264,84,74,15,82,433,229,619,620,1
1248,2,91,144,58,167,126,2,7,0,0,0,0,0,0,0,1
6,20,28,50,27,122,35,192,19,81,57,223,33,47,153,331,1
2932,63,2933,0,0,0,0,0,0,0,0,0,0,0,0,0,1
36,100,53,29,169,387,445,264,84,74,15,82,433,229,619,620,1
2,8,3,136,99,96,0,0,0,0,0,0,0,0,0,0,1
7,5,3,6,0,0,0,0,0,0,0,0,0,0,0,0,1
498,2942,26,130,188,446,0,0,0,0,0,0,0,0,0,0,1
449,378,26,14,378,26,6,2,2943,4,17,5,31,146,96,92,1
20,5,256,2,10,666,2944,483,2945,52,12,65,474,47,94,2946,1
38,70,199,19,284,2947,53,148,92,2,3,46,178,81,153,331,1
2,10,151,86,0,0,0,0,0,0,0,0,0,0,0,0,1
53,205,2,10,18,70,309,297,43,54,11,20,53,115,50,28,1
53,65,2,11,201,242,70,197,81,100,387,2949,6,67,31,29,1
172,2955,3,189,371,46,81,57,223,20,1202,115,7,31,153,331,1
2,10,2956,0,0,0,0,0,0,0,0,0,0,0,0,0,1
22,37,10,2,2957,33,0,0,0,0,0,0,0,0,0,0,1
2,71,0,0,0,0,0,0,0,0,0,0,0,0,0,0,1
799,20,110,775,2980,2981,303,28,19,891,88,28,452,2982,3,2983,1
7,10,0,0,0,0,0,0,0,0,0,0,0,0,0,0,1
2,14,495,49,3,959,0,0,0,0,0,0,0,0,0,0,1
368,5,495,1033,18,133,2989,29,113,50,16,2990,36,46,367,364,1
7,10,0,0,0,0,0,0,0,0,0,0,0,0,0,0,1
18,32,70,138,12,2,10,2,4,368,5,88,95,221,95,64,1
2,11,18,201,70,9,152,90,54,11,20,111,390,28,5,378,1
25,2993,2994,84,362,67,268,174,127,357,2995,7,2,2996,2997,0,1
2,42,286,250,1209,569,0,0,0,0,0,0,0,0,0,0,1
7,10,6,625,0,0,0,0,0,0,0,0,0,0,0,0,1
2,3,12,155,12,26,469,0,0,0,0,0,0,0,0,0,1
3005,20,141,3006,263,252,253,776,57,28,229,282,299,225,74,118,1
28,4,742,216,172,55,3009,0,0,0,0,0,0,0,0,0,1
2,71,8,0,0,0,0,0,0,0,0,0,0,0,0,0,1
1261,767,353,366,240,1262,165,1263,366,579,40,46,207,817,3017,3018,1
2,3,8,0,0,0,0,0,0,0,0,0,0,0,0,0,1
3025,3026,419,13,59,1013,491,0,0,0,0,0,0,0,0,0,1
28,1265,59,0,0,0,0,0,0,0,0,0,0,0,0,0,1
50,80,0,0,0,0,0,0,0,0,0,0,0,0,0,0,1
7,6,271,101,64,0,0,0,0,0,0,0,0,0,0,0,1
2,3,8,0,0,0,0,0,0,0,0,0,0,0,0,0,1
1078,449,177,1140,17,16,5,6,5,17,33,0,0,0,0,0,1
3043,4,18,352,3044,55,3045,777,778,779,780,59,0,0,0,0,1
31,6,52,766,0,0,0,0,0,0,0,0,0,0,0,0,1
187,23,78,3047,3048,3049,583,54,0,0,0,0,0,0,0,0,1
1107,1267,23,3051,4,1096,50,85,3052,0,0,0,0,0,0,0,1
7,10,1252,819,283,63,0,0,0,0,0,0,0,0,0,0,1
7,3055,7,64,0,0,0,0,0,0,0,0,0,0,0,0,1
3065,3066,3067,3068,13,2,0,0,0,0,0,0,0,0,0,0,1
4,497,228,178,44,781,3070,3071,3072,3073,89,15,160,89,781,59,1
498,609,0,0,0,0,0,0,0,0,0,0,0,0,0,0,1
2,71,168,0,0,0,0,0,0,0,0,0,0,0,0,0,1
13,103,103,29,3087,13,224,479,13,13,3088,13,5,17,5,55,1
2,3,8,0,0,0,0,0,0,0,0,0,0,0,0,0,1
2,71,3089,0,0,0,0,0,0,0,0,0,0,0,0,0,1
3097,13,106,45,291,370,427,232,28,609,13,46,733,807,81,31,1
6,48,10,0,0,0,0,0,0,0,0,0,0,0,0,0,1
422,7,10,3098,0,0,0,0,0,0,0,0,0,0,0,0,1
422,7,10,0,0,0,0,0,0,0,0,0,0,0,0,0,1
422,7,3099,3100,783,0,0,0,0,0,0,0,0,0,0,0,1
99,4,2,262,3101,3102,59,0,0,0,0,0,0,0,0,0,1
2,3,8,0,0,0,0,0,0,0,0,0,0,0,0,0,1
7,239,3103,0,0,0,0,0,0,0,0,0,0,0,0,0,1
2,71,8,0,0,0,0,0,0,0,0,0,0,0,0,0,1
22,12,9,2,86,173,578,25,131,276,3104,3105,558,0,0,0,1
43,239,21,3106,111,3107,59,135,0,0,0,0,0,0,0,0,1
1259,6,7,10,9,0,0,0,0,0,0,0,0,0,0,0,1
45,1269,20,217,1265,13,7,3108,3109,13,0,0,0,0,0,0,1
422,3110,3111,1218,0,0,0,0,0,0,0,0,0,0,0,0,1
2,3,8,0,0,0,0,0,0,0,0,0,0,0,0,0,1
14,58,19,21,351,660,245,356,273,59,0,0,0,0,0,0,1
105,4,6,7,0,0,0,0,0,0,0,0,0,0,0,0,1
10,16,74,19,490,0,0,0,0,0,0,0,0,0,0,0,1
216,229,114,1275,3117,299,3118,596,3119,458,3120,14,3121,529,256,135,1
126,74,3122,89,0,0,0,0,0,0,0,0,0,0,0,0,1
72,628,361,216,3129,1275,299,56,3130,821,458,16,14,395,204,3131,1
556,5,423,7,356,423,0,0,0,0,0,0,0,0,0,0,1
297,29,635,3136,35,166,281,430,3137,589,822,3138,1019,155,46,88,1
238,430,281,297,29,3143,3144,3145,166,3146,3147,3148,589,822,3149,135,1
60,180,4,941,3150,1070,6,57,10,63,54,441,17,33,0,0,1
7,789,0,0,0,0,0,0,0,0,0,0,0,0,0,0,1
7,356,423,0,0,0,0,0,0,0,0,0,0,0,0,0,1
408,727,815,248,56,526,16,21,5,1151,88,172,388,88,94,56,1
3154,3155,1187,3156,3157,3158,3159,3160,3161,3162,3163,1043,3164,3165,1181,3166,1
103,3167,2,14,3168,3,0,0,0,0,0,0,0,0,0,0,1
50,17,47,28,114,4,51,152,90,213,255,6,53,67,10,33,1
140,3171,3172,7,64,0,0,0,0,0,0,0,0,0,0,0,1
77,48,77,2,3173,3174,3175,200,931,3176,3177,583,550,65,3178,1219,1
7,3179,0,0,0,0,0,0,0,0,0,0,0,0,0,0,1
333,260,170,517,8,121,518,297,431,519,135,520,351,19,432,521,1
9,30,1264,4,498,0,0,0,0,0,0,0,0,0,0,0,1
69,87,48,87,2,3180,3181,3182,3183,244,3184,21,3185,534,3186,3187,1
19,107,21,329,0,0,0,0,0,0,0,0,0,0,0,0,1
48,791,3188,3189,236,791,23,72,19,21,0,0,0,0,0,0,1
357,1236,819,1276,3190,1277,48,170,3191,0,0,0,0,0,0,0,1
333,260,170,517,8,121,518,297,431,519,135,520,351,19,432,521,1
161,3192,329,161,815,73,3193,52,76,19,3194,432,106,37,527,170,1
333,260,170,517,8,121,518,297,431,519,135,520,351,19,432,521,1
87,48,87,2,3195,3196,206,301,1278,3197,3198,3199,3200,841,3201,801,1
69,87,48,87,2,164,3202,1171,3203,485,3204,1188,491,3205,3206,797,1
69,87,48,87,2,3207,1095,3208,3209,3210,2,1278,3211,447,3212,3213,1
2,10,0,0,0,0,0,0,0,0,0,0,0,0,0,0,1
7,0,0,0,0,0,0,0,0,0,0,0,0,0,0,0,1
333,260,170,517,8,121,518,297,431,519,135,520,351,19,432,521,1
6,48,72,1279,0,0,0,0,0,0,0,0,0,0,0,0,1
6,48,72,1279,0,0,0,0,0,0,0,0,0,0,0,0,1
53,245,29,2,49,52,65,191,258,5,814,66,122,39,31,35,1
2,1280,26,86,0,0,0,0,0,0,0,0,0,0,0,0,1
333,260,170,517,8,121,518,297,431,519,135,520,351,19,432,521,1
7,8,10,3219,590,499,3220,8,3221,0,0,0,0,0,0,0,1
2,554,49,645,167,55,0,0,0,0,0,0,0,0,0,0,1
7,10,0,0,0,0,0,0,0,0,0,0,0,0,0,0,1
3224,3225,3226,3227,808,3228,785,506,5,40,654,269,88,3229,3230,21,1
7,9,4,9,281,0,0,0,0,0,0,0,0,0,0,0,1
157,130,0,0,0,0,0,0,0,0,0,0,0,0,0,0,1
3235,419,3236,1147,913,175,629,522,825,37,1282,804,314,667,533,667,1
560,641,280,326,361,3,1283,38,3238,420,28,2,1284,72,3239,3240,1
326,282,61,247,1285,3241,3,3242,170,175,72,183,1286,486,43,15,1
326,256,472,1040,3243,3244,61,3,1285,1283,162,3,3245,1284,72,1286,1
2,1280,26,86,0,0,0,0,0,0,0,0,0,0,0,0,1
2,49,6,0,0,0,0,0,0,0,0,0,0,0,0,0,1
189,50,17,17,3,336,27,334,375,148,92,191,31,20,52,65,1
731,412,638,137,280,326,1287,731,266,137,111,3249,3250,111,183,7,1
22,2,14,3251,367,0,0,0,0,0,0,0,0,0,0,0,1
91,2,54,4,0,0,0,0,0,0,0,0,0,0,0,0,1
7,97,5,0,0,0,0,0,0,0,0,0,0,0,0,0,1
3252,392,948,3253,0,0,0,0,0,0,0,0,0,0,0,0,1
2,346,149,8,1232,2,267,4,682,1233,1234,0,0,0,0,0,1
91,2,66,49,208,85,0,0,0,0,0,0,0,0,0,0,1
1244,1245,232,7,43,283,332,362,1246,1247,507,47,119,813,796,33,1
6,48,527,3254,0,0,0,0,0,0,0,0,0,0,0,0,1
6,2,3,51,621,9,277,622,623,33,0,0,0,0,0,0,1
0,0,0,0,0,0,0,0,0,0,0,0,0,0,0,0,1
1290,3266,678,3267,3268,678,3269,1289,3270,774,3271,1074,3272,79,72,3273,1
208,3279,3280,3281,547,446,601,6,54,183,147,138,1291,485,3282,153,1
826,98,40,203,274,3293,98,40,203,434,98,40,203,367,98,40,1
3302,98,40,164,26,3303,98,40,164,1064,98,40,164,3304,98,40,1
135,46,300,107,21,467,110,3305,525,85,76,453,3306,1021,1128,3307,1
191,52,65,6,53,308,148,92,50,17,192,555,92,110,31,3312,1
43,19,453,21,2,149,1249,236,34,218,1250,52,50,27,3313,0,1
6,2,3,51,621,9,277,622,623,31,0,0,0,0,0,0,1
58,19,21,102,69,276,216,1229,0,0,0,0,0,0,0,0,1
544,3314,79,3315,111,3316,0,0,0,0,0,0,0,0,0,0,1
25,20,19,644,466,814,670,0,0,0,0,0,0,0,0,0,1
7,67,68,0,0,0,0,0,0,0,0,0,0,0,0,0,1
40,284,652,190,3319,315,337,2,3320,3321,4,51,3322,37,653,284,1
123,1292,36,3323,39,673,3,3324,411,1068,30,337,797,3325,1292,0,1
3326,26,37,2,11,462,10,3327,364,84,0,0,0,0,0,0,1
25,2,3328,11,364,84,37,462,10,0,0,0,0,0,0,0,1
1293,828,1294,8,2,10,110,828,3329,147,1293,828,1294,0,0,0,1
6,37,10,2,267,11,27,830,330,50,17,11,145,31,429,831,1
572,631,632,279,456,279,4,494,120,84,940,653,268,22,479,7,1
6,37,10,2,267,11,27,830,330,50,17,11,145,31,429,831,1
6,37,28,10,7,27,68,822,0,0,0,0,0,0,0,0,1
152,90,300,21,79,358,3330,48,183,0,0,0,0,0,0,0,1
6,37,10,2,267,11,27,830,330,50,17,11,145,31,429,831,1
2,643,483,0,0,0,0,0,0,0,0,0,0,0,0,0,1
19,21,0,0,0,0,0,0,0,0,0,0,0,0,0,0,1
152,90,469,6,7,10,0,0,0,0,0,0,0,0,0,0,1
300,21,79,884,0,0,0,0,0,0,0,0,0,0,0,0,1
407,3332,6,45,625,245,45,115,30,564,49,258,56,17,7,31,1
832,0,0,0,0,0,0,0,0,0,0,0,0,0,0,0,1
2,3333,12,49,879,276,3334,1295,3335,881,115,613,1295,1217,0,0,1
664,369,6,52,65,505,6,48,10,7,5,50,17,47,28,31,1
664,369,6,52,65,505,6,48,10,7,5,50,17,47,28,31,1
45,48,10,17,3,7,27,104,148,92,31,20,790,65,36,100,1
7,3336,6,0,0,0,0,0,0,0,0,0,0,0,0,0,1
6,7,149,33,0,0,0,0,0,0,0,0,0,0,0,0,1
1206,3337,137,172,3338,3339,1251,16,3340,986,3341,3342,46,178,89,15,1
22,12,86,2,3343,3344,786,509,3,3345,3346,572,0,0,0,0,1
7,7,64,0,0,0,0,0,0,0,0,0,0,0,0,0,1
7,7,64,0,0,0,0,0,0,0,0,0,0,0,0,0,1
6,2,10,7,64,0,0,0,0,0,0,0,0,0,0,0,1
36,605,3347,15,397,7,64,0,0,0,0,0,0,0,0,0,1
147,1297,2,833,236,19,455,99,14,150,132,246,14,834,0,0,1
91,2,54,4,0,0,0,0,0,0,0,0,0,0,0,0,1
2,3348,26,3349,0,0,0,0,0,0,0,0,0,0,0,0,1
45,48,10,17,3,7,27,104,148,92,31,20,790,65,36,100,1
189,50,17,17,3,336,27,334,375,148,92,191,31,20,52,65,1
189,50,17,17,3,336,27,334,375,148,92,191,31,20,52,65,1
189,50,17,17,3,336,27,334,375,148,92,191,31,20,52,65,1
91,2,54,4,0,0,0,0,0,0,0,0,0,0,0,0,1
91,2,54,4,0,0,0,0,0,0,0,0,0,0,0,0,1
3350,54,4,0,0,0,0,0,0,0,0,0,0,0,0,0,1
189,50,17,17,3,336,27,334,375,148,92,191,31,20,52,65,1
304,3354,21,580,20,431,3355,406,52,65,571,27,111,183,406,33,1
9,3356,3357,2,10,0,0,0,0,0,0,0,0,0,0,0,1
7,10,0,0,0,0,0,0,0,0,0,0,0,0,0,0,1
832,0,0,0,0,0,0,0,0,0,0,0,0,0,0,0,1
832,0,0,0,0,0,0,0,0,0,0,0,0,0,0,0,1
2,14,3,0,0,0,0,0,0,0,0,0,0,0,0,0,1
17,17,3,336,27,334,375,148,92,191,31,20,52,65,122,107,1
115,1159,3362,142,3363,3364,753,11,6,2,149,111,320,31,68,83,1
147,1297,2,833,236,19,455,99,14,150,132,246,14,834,0,0,1
6,2,3365,232,813,3366,1152,6,216,3367,3368,486,971,3369,3370,0,1
1303,43,109,97,1304,46,325,14,510,111,1305,210,11,420,66,83,1
22,2,10,3371,335,0,0,0,0,0,0,0,0,0,0,0,1
109,97,1304,46,325,14,510,111,1305,31,97,210,11,420,66,83,1
2,3,168,3372,29,3373,30,3374,3375,3376,55,0,0,0,0,0,1
3387,598,3388,3389,3390,3391,3392,3393,1082,3394,3395,109,318,3396,3397,3398,1
158,479,4,92,5,17,1,4,5,32,0,0,0,0,0,0,1
156,147,38,2,273,833,236,19,455,99,14,150,132,246,834,0,1
17,17,3,336,27,334,375,148,92,191,31,20,52,65,122,107,1
14,62,2,14,298,14,62,2,14,62,2,14,62,2,14,62,1
14,62,2,14,298,14,62,2,14,62,2,14,62,2,14,62,1
14,62,2,14,298,14,62,2,14,62,2,14,62,2,14,62,1
156,0,0,0,0,0,0,0,0,0,0,0,0,0,0,0,0
2136,0,0,0,0,0,0,0,0,0,0,0,0,0,0,0,0
23,4,78,2146,0,0,0,0,0,0,0,0,0,0,0,0,0
15,20,222,157,130,136,2032,472,15,443,2033,307,4,36,2034,30,0
98,202,171,0,0,0,0,0,0,0,0,0,0,0,0,0,0
194,195,179,0,0,0,0,0,0,0,0,0,0,0,0,0,0
305,8,3,29,0,0,0,0,0,0,0,0,0,0,0,0,0
198,90,484,109,1053,0,0,0,0,0,0,0,0,0,0,0,0
556,0,0,0,0,0,0,0,0,0,0,0,0,0,0,0,0
60,467,11,3,63,0,0,0,0,0,0,0,0,0,0,0,0
187,42,392,23,0,0,0,0,0,0,0,0,0,0,0,0,0
1790,1791,0,0,0,0,0,0,0,0,0,0,0,0,0,0,0
67,5,194,195,179,0,0,0,0,0,0,0,0,0,0,0,0
1506,68,4,136,30,1507,9,0,0,0,0,0,0,0,0,0,0
224,47,1526,157,130,0,0,0,0,0,0,0,0,0,0,0,0
128,2720,25,534,0,0,0,0,0,0,0,0,0,0,0,0,0
171,84,107,21,8,84,44,15,15,39,0,0,0,0,0,0,0
389,0,0,0,0,0,0,0,0,0,0,0,0,0,0,0,0
2405,2406,0,0,0,0,0,0,0,0,0,0,0,0,0,0,0
9,1035,4,0,0,0,0,0,0,0,0,0,0,0,0,0,0
1808,4,0,0,0,0,0,0,0,0,0,0,0,0,0,0,0
34,28,17,465,0,0,0,0,0,0,0,0,0,0,0,0,0
26,5,0,0,0,0,0,0,0,0,0,0,0,0,0,0,0
9,4,0,0,0,0,0,0,0,0,0,0,0,0,0,0,0
103,103,0,0,0,0,0,0,0,0,0,0,0,0,0,0,0
359,66,179,0,0,0,0,0,0,0,0,0,0,0,0,0,0
131,0,0,0,0,0,0,0,0,0,0,0,0,0,0,0,0
793,11,793,497,0,0,0,0,0,0,0,0,0,0,0,0,0
9,24,41,0,0,0,0,0,0,0,0,0,0,0,0,0,0
893,200,146,105,547,104,83,0,0,0,0,0,0,0,0,0,0
770,55,188,108,613,1142,67,613,355,58,313,3037,0,0,0,0,0
4,398,4,337,580,0,0,0,0,0,0,0,0,0,0,0,0
4,66,0,0,0,0,0,0,0,0,0,0,0,0,0,0,0
85,89,15,57,20,252,2,15,0,0,0,0,0,0,0,0,0
24,124,37,2096,2097,0,0,0,0,0,0,0,0,0,0,0,0
658,171,157,130,343,171,157,130,343,0,0,0,0,0,0,0,0
15,20,222,157,130,136,2032,472,15,443,2033,307,4,36,2034,30,0
9,0,0,0,0,0,0,0,0,0,0,0,0,0,0,0,0
938,292,587,437,293,0,0,0,0,0,0,0,0,0,0,0,0
50,80,0,0,0,0,0,0,0,0,0,0,0,0,0,0,0
969,413,414,414,579,302,580,712,1706,227,457,114,3,0,0,0,0
275,926,0,0,0,0,0,0,0,0,0,0,0,0,0,0,0
9,4,3078,39,327,0,0,0,0,0,0,0,0,0,0,0,0
202,171,69,315,677,464,218,0,0,0,0,0,0,0,0,0,0
116,2144,0,0,0,0,0,0,0,0,0,0,0,0,0,0,0
103,103,1268,1268,0,0,0,0,0,0,0,0,0,0,0,0,0
254,0,0,0,0,0,0,0,0,0,0,0,0,0,0,0,0
123,2132,4,0,0,0,0,0,0,0,0,0,0,0,0,0,0
3063,3064,1015,0,0,0,0,0,0,0,0,0,0,0,0,0,0
104,4,37,24,0,0,0,0,0,0,0,0,0,0,0,0,0
2678,0,0,0,0,0,0,0,0,0,0,0,0,0,0,0,0
9,3060,0,0,0,0,0,0,0,0,0,0,0,0,0,0,0
9,230,116,2156,188,143,0,0,0,0,0,0,0,0,0,0,0
24,465,86,81,0,0,0,0,0,0,0,0,0,0,0,0,0
134,935,2497,4,131,358,58,2498,2499,2500,788,860,4,212,464,166,0
4,39,113,0,0,0,0,0,0,0,0,0,0,0,0,0,0
23,4,3231,0,0,0,0,0,0,0,0,0,0,0,0,0,0
556,0,0,0,0,0,0,0,0,0,0,0,0,0,0,0,0
9,0,0,0,0,0,0,0,0,0,0,0,0,0,0,0,0
2472,0,0,0,0,0,0,0,0,0,0,0,0,0,0,0,0
180,4,0,0,0,0,0,0,0,0,0,0,0,0,0,0,0
9,4,0,0,0,0,0,0,0,0,0,0,0,0,0,0,0
224,3046,5,61,0,0,0,0,0,0,0,0,0,0,0,0,0
9,4,19,152,90,131,0,0,0,0,0,0,0,0,0,0,0
1264,4,0,0,0,0,0,0,0,0,0,0,0,0,0,0,0
9,0,0,0,0,0,0,0,0,0,0,0,0,0,0,0,0
928,383,27,113,1583,347,471,354,539,1584,444,1585,0,0,0,0,0
132,769,0,0,0,0,0,0,0,0,0,0,0,0,0,0,0
954,582,324,1921,1922,331,907,0,0,0,0,0,0,0,0,0,0
9,230,116,2156,188,143,0,0,0,0,0,0,0,0,0,0,0
126,989,0,0,0,0,0,0,0,0,0,0,0,0,0,0,0
237,2,15,443,0,0,0,0,0,0,0,0,0,0,0,0,0
254,0,0,0,0,0,0,0,0,0,0,0,0,0,0,0,0
187,1155,194,195,0,0,0,0,0,0,0,0,0,0,0,0,0
2136,0,0,0,0,0,0,0,0,0,0,0,0,0,0,0,0
2139,0,0,0,0,0,0,0,0,0,0,0,0,0,0,0,0
237,2,15,0,0,0,0,0,0,0,0,0,0,0,0,0,0
60,352,0,0,0,0,0,0,0,0,0,0,0,0,0,0,0
1079,9,500,13,13,209,25,0,0,0,0,0,0,0,0,0,0
5,0,0,0,0,0,0,0,0,0,0,0,0,0,0,0,0
285,26,0,0,0,0,0,0,0,0,0,0,0,0,0,0,0
68,4,0,0,0,0,0,0,0,0,0,0,0,0,0,0,0
9,4,35,0,0,0,0,0,0,0,0,0,0,0,0,0,0
55,23,1,0,0,0,0,0,0,0,0,0,0,0,0,0,0
32,38,5,44,15,20,39,0,0,0,0,0,0,0,0,0,0
225,44,0,0,0,0,0,0,0,0,0,0,0,0,0,0,0
18,133,24,41,451,60,9,0,0,0,0,0,0,0,0,0,0
2131,0,0,0,0,0,0,0,0,0,0,0,0,0,0,0,0
180,0,0,0,0,0,0,0,0,0,0,0,0,0,0,0,0
128,2397,2398,26,29,0,0,0,0,0,0,0,0,0,0,0,0
2161,0,0,0,0,0,0,0,0,0,0,0,0,0,0,0,0
4,3041,36,26,228,0,0,0,0,0,0,0,0,0,0,0,0
9,24,41,0,0,0,0,0,0,0,0,0,0,0,0,0,0
55,612,129,3016,0,0,0,0,0,0,0,0,0,0,0,0,0
0,0,0,0,0,0,0,0,0,0,0,0,0,0,0,0,0
50,2180,12,341,0,0,0,0,0,0,0,0,0,0,0,0,0
5,334,0,0,0,0,0,0,0,0,0,0,0,0,0,0,0
883,32,190,0,0,0,0,0,0,0,0,0,0,0,0,0,0
310,3377,571,15,3378,86,184,0,0,0,0,0,0,0,0,0,0
1281,0,0,0,0,0,0,0,0,0,0,0,0,0,0,0,0
42,1067,228,78,2984,2985,0,0,0,0,0,0,0,0,0,0,0
669,181,37,633,0,0,0,0,0,0,0,0,0,0,0,0,0
0,0,0,0,0,0,0,0,0,0,0,0,0,0,0,0,0
259,282,55,0,0,0,0,0,0,0,0,0,0,0,0,0,0
2098,2099,2100,1069,5,24,41,57,85,0,0,0,0,0,0,0,0
464,5,32,190,29,696,0,0,0,0,0,0,0,0,0,0,0
18,2,15,274,124,0,0,0,0,0,0,0,0,0,0,0,0
4,104,15,123,0,0,0,0,0,0,0,0,0,0,0,0,0
194,195,2798,42,805,96,153,0,0,0,0,0,0,0,0,0,0
5,501,235,235,26,0,0,0,0,0,0,0,0,0,0,0,0
9,0,0,0,0,0,0,0,0,0,0,0,0,0,0,0,0
136,115,134,714,1104,5,0,0,0,0,0,0,0,0,0,0,0
235,0,0,0,0,0,0,0,0,0,0,0,0,0,0,0,0
379,15,0,0,0,0,0,0,0,0,0,0,0,0,0,0,0
0,0,0,0,0,0,0,0,0,0,0,0,0,0,0,0,0
328,27,52,24,41,26,38,1887,160,0,0,0,0,0,0,0,0
68,4,0,0,0,0,0,0,0,0,0,0,0,0,0,0,0
4,26,84,1806,585,1001,0,0,0,0,0,0,0,0,0,0,0
24,41,66,0,0,0,0,0,0,0,0,0,0,0,0,0,0
474,24,41,8,10,0,0,0,0,0,0,0,0,0,0,0,0
1494,1495,1496,16,107,5,903,179,0,0,0,0,0,0,0,0,0
82,17,1371,1372,1373,0,0,0,0,0,0,0,0,0,0,0,0
23,116,4,2182,116,134,2183,772,0,0,0,0,0,0,0,0,0
162,681,0,0,0,0,0,0,0,0,0,0,0,0,0,0,0
322,0,0,0,0,0,0,0,0,0,0,0,0,0,0,0,0
18,80,0,0,0,0,0,0,0,0,0,0,0,0,0,0,0
158,16,38,0,0,0,0,0,0,0,0,0,0,0,0,0,0
9,4,35,0,0,0,0,0,0,0,0,0,0,0,0,0,0
150,3035,9,4,0,0,0,0,0,0,0,0,0,0,0,0,0
99,0,0,0,0,0,0,0,0,0,0,0,0,0,0,0,0
23,4,37,3082,0,0,0,0,0,0,0,0,0,0,0,0,0
103,103,0,0,0,0,0,0,0,0,0,0,0,0,0,0,0
23,39,327,3069,4,0,0,0,0,0,0,0,0,0,0,0,0
42,93,0,0,0,0,0,0,0,0,0,0,0,0,0,0,0
202,171,69,315,677,464,218,0,0,0,0,0,0,0,0,0,0
359,38,1751,0,0,0,0,0,0,0,0,0,0,0,0,0,0
45,20,342,4,3,0,0,0,0,0,0,0,0,0,0,0,0
5,500,0,0,0,0,0,0,0,0,0,0,0,0,0,0,0
198,90,127,44,0,0,0,0,0,0,0,0,0,0,0,0,0
60,80,0,0,0,0,0,0,0,0,0,0,0,0,0,0,0
2133,0,0,0,0,0,0,0,0,0,0,0,0,0,0,0,0
20,208,4,38,279,1518,352,257,1519,210,11,402,38,60,115,119,0
60,80,32,674,0,0,0,0,0,0,0,0,0,0,0,0,0
1451,879,16,44,15,0,0,0,0,0,0,0,0,0,0,0,0
954,582,324,1921,1922,331,907,0,0,0,0,0,0,0,0,0,0
1057,2015,109,2016,2017,2018,96,2019,999,4,1046,0,0,0,0,0,0
743,493,4,1049,715,493,22,1978,1979,0,0,0,0,0,0,0,0
26,5,0,0,0,0,0,0,0,0,0,0,0,0,0,0,0
24,41,324,290,124,109,1990,0,0,0,0,0,0,0,0,0,0
454,250,3,66,0,0,0,0,0,0,0,0,0,0,0,0,0
3010,26,0,0,0,0,0,0,0,0,0,0,0,0,0,0,0
156,143,15,0,0,0,0,0,0,0,0,0,0,0,0,0,0
9,0,0,0,0,0,0,0,0,0,0,0,0,0,0,0,0
2150,212,0,0,0,0,0,0,0,0,0,0,0,0,0,0,0
593,153,37,44,818,9,55,0,0,0,0,0,0,0,0,0,0
9,4,0,0,0,0,0,0,0,0,0,0,0,0,0,0,0
0,0,0,0,0,0,0,0,0,0,0,0,0,0,0,0,0
3059,86,105,4,0,0,0,0,0,0,0,0,0,0,0,0,0
99,4,78,26,141,0,0,0,0,0,0,0,0,0,0,0,0
310,3,8,1471,157,130,44,15,171,157,130,343,0,0,0,0,0
67,110,1052,197,117,5,107,4,0,0,0,0,0,0,0,0,0
1281,0,0,0,0,0,0,0,0,0,0,0,0,0,0,0,0
85,4,78,16,38,0,0,0,0,0,0,0,0,0,0,0,0
181,737,545,338,83,414,177,602,2035,39,0,0,0,0,0,0,0
68,4,0,0,0,0,0,0,0,0,0,0,0,0,0,0,0
492,471,3039,491,15,3040,736,0,0,0,0,0,0,0,0,0,0
313,93,0,0,0,0,0,0,0,0,0,0,0,0,0,0,0
44,15,553,124,0,0,0,0,0,0,0,0,0,0,0,0,0
305,3,1576,15,225,1577,1578,0,0,0,0,0,0,0,0,0,0
23,11,78,0,0,0,0,0,0,0,0,0,0,0,0,0,0
313,68,9,2135,0,0,0,0,0,0,0,0,0,0,0,0,0
24,41,160,417,9,4,3,24,41,134,2029,0,0,0,0,0,0
24,124,37,2096,2097,0,0,0,0,0,0,0,0,0,0,0,0
55,23,0,0,0,0,0,0,0,0,0,0,0,0,0,0,0
5,4,35,0,0,0,0,0,0,0,0,0,0,0,0,0,0
26,29,0,0,0,0,0,0,0,0,0,0,0,0,0,0,0
2196,0,0,0,0,0,0,0,0,0,0,0,0,0,0,0,0
313,66,758,0,0,0,0,0,0,0,0,0,0,0,0,0,0
25,173,86,30,30,0,0,0,0,0,0,0,0,0,0,0,0
328,403,2188,558,133,2189,679,367,0,0,0,0,0,0,0,0,0
1281,0,0,0,0,0,0,0,0,0,0,0,0,0,0,0,0
66,0,0,0,0,0,0,0,0,0,0,0,0,0,0,0,0
44,0,0,0,0,0,0,0,0,0,0,0,0,0,0,0,0
5,500,0,0,0,0,0,0,0,0,0,0,0,0,0,0,0
550,0,0,0,0,0,0,0,0,0,0,0,0,0,0,0,0
15,528,17,15,443,211,304,0,0,0,0,0,0,0,0,0,0
110,262,0,0,0,0,0,0,0,0,0,0,0,0,0,0,0
1079,9,500,13,13,209,25,0,0,0,0,0,0,0,0,0,0
136,1474,120,1475,209,1476,0,0,0,0,0,0,0,0,0,0,0
4,26,84,1806,585,1001,0,0,0,0,0,0,0,0,0,0,0
322,0,0,0,0,0,0,0,0,0,0,0,0,0,0,0,0
263,354,242,64,500,0,0,0,0,0,0,0,0,0,0,0,0
5,0,0,0,0,0,0,0,0,0,0,0,0,0,0,0,0
535,0,0,0,0,0,0,0,0,0,0,0,0,0,0,0,0
116,29,0,0,0,0,0,0,0,0,0,0,0,0,0,0,0
9,2812,442,42,2813,259,611,0,0,0,0,0,0,0,0,0,0
418,58,230,5,30,420,45,235,5,219,487,0,0,0,0,0,0
5,0,0,0,0,0,0,0,0,0,0,0,0,0,0,0,0
2200,162,377,0,0,0,0,0,0,0,0,0,0,0,0,0,0
275,926,0,0,0,0,0,0,0,0,0,0,0,0,0,0,0
224,4,0,0,0,0,0,0,0,0,0,0,0,0,0,0,0
2160,0,0,0,0,0,0,0,0,0,0,0,0,0,0,0,0
5,55,0,0,0,0,0,0,0,0,0,0,0,0,0,0,0
1881,5,24,41,67,184,9,0,0,0,0,0,0,0,0,0,0
55,23,3008,0,0,0,0,0,0,0,0,0,0,0,0,0,0
91,547,0,0,0,0,0,0,0,0,0,0,0,0,0,0,0
110,262,0,0,0,0,0,0,0,0,0,0,0,0,0,0,0
2167,357,128,4,145,0,0,0,0,0,0,0,0,0,0,0,0
230,23,0,0,0,0,0,0,0,0,0,0,0,0,0,0,0
9,58,167,791,0,0,0,0,0,0,0,0,0,0,0,0,0
123,0,0,0,0,0,0,0,0,0,0,0,0,0,0,0,0
464,5,32,190,29,696,0,0,0,0,0,0,0,0,0,0,0
305,8,3,29,0,0,0,0,0,0,0,0,0,0,0,0,0
44,15,553,124,0,0,0,0,0,0,0,0,0,0,0,0,0
125,1259,0,0,0,0,0,0,0,0,0,0,0,0,0,0,0
1792,0,0,0,0,0,0,0,0,0,0,0,0,0,0,0,0
404,35,16,484,485,0,0,0,0,0,0,0,0,0,0,0,0
9,1176,2574,2575,439,0,0,0,0,0,0,0,0,0,0,0,0
9,4,175,32,190,16,38,1106,0,0,0,0,0,0,0,0,0
2131,0,0,0,0,0,0,0,0,0,0,0,0,0,0,0,0
171,26,12,0,0,0,0,0,0,0,0,0,0,0,0,0,0
43,2790,32,151,804,0,0,0,0,0,0,0,0,0,0,0,0
313,11,0,0,0,0,0,0,0,0,0,0,0,0,0,0,0
9,4,0,0,0,0,0,0,0,0,0,0,0,0,0,0,0
123,0,0,0,0,0,0,0,0,0,0,0,0,0,0,0,0
0,0,0,0,0,0,0,0,0,0,0,0,0,0,0,0,0
2190,2191,202,268,2192,1077,0,0,0,0,0,0,0,0,0,0,0
42,96,453,151,0,0,0,0,0,0,0,0,0,0,0,0,0
55,23,1,0,0,0,0,0,0,0,0,0,0,0,0,0,0
45,773,2205,118,592,179,0,0,0,0,0,0,0,0,0,0,0
389,0,0,0,0,0,0,0,0,0,0,0,0,0,0,0,0
42,93,290,4,259,0,0,0,0,0,0,0,0,0,0,0,0
225,44,0,0,0,0,0,0,0,0,0,0,0,0,0,0,0
9,4,42,96,153,0,0,0,0,0,0,0,0,0,0,0,0
15,0,0,0,0,0,0,0,0,0,0,0,0,0,0,0,0
3,118,314,84,399,675,904,1501,141,0,0,0,0,0,0,0,0
488,2171,0,0,0,0,0,0,0,0,0,0,0,0,0,0,0
5,9,35,20,150,9,55,0,0,0,0,0,0,0,0,0,0
23,4,3231,0,0,0,0,0,0,0,0,0,0,0,0,0,0
9,4,0,0,0,0,0,0,0,0,0,0,0,0,0,0,0
180,4,0,0,0,0,0,0,0,0,0,0,0,0,0,0,0
25,38,4,5,80,0,0,0,0,0,0,0,0,0,0,0,0
18,197,117,4,3,66,0,0,0,0,0,0,0,0,0,0,0
9,4,19,152,90,131,0,0,0,0,0,0,0,0,0,0,0
23,4,78,0,0,0,0,0,0,0,0,0,0,0,0,0,0
36,3022,9,204,0,0,0,0,0,0,0,0,0,0,0,0,0
162,32,162,419,162,329,187,0,0,0,0,0,0,0,0,0,0
187,42,0,0,0,0,0,0,0,0,0,0,0,0,0,0,0
139,2207,608,57,0,0,0,0,0,0,0,0,0,0,0,0,0
328,27,52,24,41,26,38,1887,160,0,0,0,0,0,0,0,0
4,166,1163,42,0,0,0,0,0,0,0,0,0,0,0,0,0
9,42,0,0,0,0,0,0,0,0,0,0,0,0,0,0,0
9,11,0,0,0,0,0,0,0,0,0,0,0,0,0,0,0
26,131,1039,2204,314,321,0,0,0,0,0,0,0,0,0,0,0
5,0,0,0,0,0,0,0,0,0,0,0,0,0,0,0,0
9,24,41,290,68,55,0,0,0,0,0,0,0,0,0,0,0
103,103,0,0,0,0,0,0,0,0,0,0,0,0,0,0,0
26,2605,2606,5,42,0,0,0,0,0,0,0,0,0,0,0,0
9,0,0,0,0,0,0,0,0,0,0,0,0,0,0,0,0
275,2040,1062,110,92,2041,2042,0,0,0,0,0,0,0,0,0,0
25,30,5,557,1522,1523,384,113,1524,11,162,317,113,141,20,1525,0
9,24,41,290,68,55,0,0,0,0,0,0,0,0,0,0,0
23,4,18,1153,2467,0,0,0,0,0,0,0,0,0,0,0,0
1201,0,0,0,0,0,0,0,0,0,0,0,0,0,0,0,0
1752,0,0,0,0,0,0,0,0,0,0,0,0,0,0,0,0
2838,2839,26,0,0,0,0,0,0,0,0,0,0,0,0,0,0
12,1480,1481,669,67,5,1482,0,0,0,0,0,0,0,0,0,0
9,58,167,1200,2716,698,66,70,359,66,129,0,0,0,0,0,0
60,666,32,64,235,132,0,0,0,0,0,0,0,0,0,0,0
192,23,11,3,338,32,307,11,282,1787,0,0,0,0,0,0,0
109,29,1001,36,1867,449,5,3,0,0,0,0,0,0,0,0,0
230,152,90,1137,128,29,30,4,57,346,2401,134,2402,268,25,116,0
15,20,222,157,130,136,2032,472,15,443,2033,307,4,36,2034,30,0
50,640,3,28,1365,15,84,0,0,0,0,0,0,0,0,0,0
5,2959,0,0,0,0,0,0,0,0,0,0,0,0,0,0,0
9,4,35,188,242,0,0,0,0,0,0,0,0,0,0,0,0
760,105,0,0,0,0,0,0,0,0,0,0,0,0,0,0,0
9,4,35,188,242,0,0,0,0,0,0,0,0,0,0,0,0
80,0,0,0,0,0,0,0,0,0,0,0,0,0,0,0,0
9,2950,2951,2952,0,0,0,0,0,0,0,0,0,0,0,0,0
180,0,0,0,0,0,0,0,0,0,0,0,0,0,0,0,0
24,465,86,81,0,0,0,0,0,0,0,0,0,0,0,0,0
9,4,160,19,85,1959,58,0,0,0,0,0,0,0,0,0,0
9,24,41,0,0,0,0,0,0,0,0,0,0,0,0,0,0
103,103,0,0,0,0,0,0,0,0,0,0,0,0,0,0,0
5,0,0,0,0,0,0,0,0,0,0,0,0,0,0,0,0
9,2812,442,42,2813,259,611,0,0,0,0,0,0,0,0,0,0
99,0,0,0,0,0,0,0,0,0,0,0,0,0,0,0,0
18,133,24,41,451,60,9,0,0,0,0,0,0,0,0,0,0
1752,0,0,0,0,0,0,0,0,0,0,0,0,0,0,0,0
24,41,324,290,124,109,1990,0,0,0,0,0,0,0,0,0,0
50,640,3,28,1365,15,84,0,0,0,0,0,0,0,0,0,0
25,4,257,399,121,536,216,1573,25,187,389,0,0,0,0,0,0
9,4,0,0,0,0,0,0,0,0,0,0,0,0,0,0,0
23,4,78,0,0,0,0,0,0,0,0,0,0,0,0,0,0
156,0,0,0,0,0,0,0,0,0,0,0,0,0,0,0,0
9,4,0,0,0,0,0,0,0,0,0,0,0,0,0,0,0
274,873,15,0,0,0,0,0,0,0,0,0,0,0,0,0,0
67,110,1052,197,117,5,107,4,0,0,0,0,0,0,0,0,0
2216,0,0,0,0,0,0,0,0,0,0,0,0,0,0,0,0
23,4,1096,0,0,0,0,0,0,0,0,0,0,0,0,0,0
23,39,327,3069,4,0,0,0,0,0,0,0,0,0,0,0,0
1809,4,1810,1811,0,0,0,0,0,0,0,0,0,0,0,0,0
23,4,0,0,0,0,0,0,0,0,0,0,0,0,0,0,0
24,41,999,93,23,129,39,0,0,0,0,0,0,0,0,0,0
99,99,99,99,99,99,99,0,0,0,0,0,0,0,0,0,0
226,123,0,0,0,0,0,0,0,0,0,0,0,0,0,0,0
16,237,15,0,0,0,0,0,0,0,0,0,0,0,0,0,0
47,687,914,16,44,15,279,952,571,20,903,256,240,15,0,0,0
136,115,134,714,1104,5,0,0,0,0,0,0,0,0,0,0,0
2038,105,121,457,1011,3,2039,20,0,0,0,0,0,0,0,0,0
230,116,134,607,415,759,608,2206,0,0,0,0,0,0,0,0,0
1792,0,0,0,0,0,0,0,0,0,0,0,0,0,0,0,0
36,26,4,13,25,9,4,4,0,0,0,0,0,0,0,0,0
11,2155,0,0,0,0,0,0,0,0,0,0,0,0,0,0,0
142,328,970,194,195,3,0,0,0,0,0,0,0,0,0,0,0
8,17,3038,32,190,0,0,0,0,0,0,0,0,0,0,0,0
55,23,0,0,0,0,0,0,0,0,0,0,0,0,0,0,0
171,157,130,343,0,0,0,0,0,0,0,0,0,0,0,0,0
9,58,167,2532,0,0,0,0,0,0,0,0,0,0,0,0,0
9,4,0,0,0,0,0,0,0,0,0,0,0,0,0,0,0
2095,8,0,0,0,0,0,0,0,0,0,0,0,0,0,0,0
136,2147,2148,256,25,446,1078,163,230,0,0,0,0,0,0,0,0
557,12,44,15,89,20,244,88,25,1515,1516,1517,0,0,0,0,0
37,42,0,0,0,0,0,0,0,0,0,0,0,0,0,0,0
24,41,389,24,214,747,4,55,3076,3077,4,4,802,301,218,13,0
9,1024,582,0,0,0,0,0,0,0,0,0,0,0,0,0,0
55,23,3008,0,0,0,0,0,0,0,0,0,0,0,0,0,0
82,17,1371,1372,1373,0,0,0,0,0,0,0,0,0,0,0,0
26,3,0,0,0,0,0,0,0,0,0,0,0,0,0,0,0
104,0,0,0,0,0,0,0,0,0,0,0,0,0,0,0,0
263,3256,3257,163,0,0,0,0,0,0,0,0,0,0,0,0,0
9,4,0,0,0,0,0,0,0,0,0,0,0,0,0,0,0
187,381,0,0,0,0,0,0,0,0,0,0,0,0,0,0,0
23,4,78,0,0,0,0,0,0,0,0,0,0,0,0,0,0
36,5,4,0,0,0,0,0,0,0,0,0,0,0,0,0,0
139,4,0,0,0,0,0,0,0,0,0,0,0,0,0,0,0
15,203,922,684,44,15,156,0,0,0,0,0,0,0,0,0,0
157,130,0,0,0,0,0,0,0,0,0,0,0,0,0,0,0
259,282,55,0,0,0,0,0,0,0,0,0,0,0,0,0,0
0,0,0,0,0,0,0,0,0,0,0,0,0,0,0,0,0
26,11,0,0,0,0,0,0,0,0,0,0,0,0,0,0,0
123,131,437,0,0,0,0,0,0,0,0,0,0,0,0,0,0
9,0,0,0,0,0,0,0,0,0,0,0,0,0,0,0,0
2987,0,0,0,0,0,0,0,0,0,0,0,0,0,0,0,0
42,23,78,0,0,0,0,0,0,0,0,0,0,0,0,0,0
118,993,24,41,998,1804,697,3,38,1805,349,529,11,724,0,0,0
1281,0,0,0,0,0,0,0,0,0,0,0,0,0,0,0,0
2213,2214,0,0,0,0,0,0,0,0,0,0,0,0,0,0,0
44,124,0,0,0,0,0,0,0,0,0,0,0,0,0,0,0
2405,2406,0,0,0,0,0,0,0,0,0,0,0,0,0,0,0
123,9,0,0,0,0,0,0,0,0,0,0,0,0,0,0,0
2150,212,0,0,0,0,0,0,0,0,0,0,0,0,0,0,0
55,597,272,29,660,337,13,131,290,809,699,0,0,0,0,0,0
556,0,0,0,0,0,0,0,0,0,0,0,0,0,0,0,0
581,57,289,2181,26,274,187,0,0,0,0,0,0,0,0,0,0
9,0,0,0,0,0,0,0,0,0,0,0,0,0,0,0,0
9,0,0,0,0,0,0,0,0,0,0,0,0,0,0,0,0
9,4,35,0,0,0,0,0,0,0,0,0,0,0,0,0,0
156,143,15,0,0,0,0,0,0,0,0,0,0,0,0,0,0
9,0,0,0,0,0,0,0,0,0,0,0,0,0,0,0,0
55,0,0,0,0,0,0,0,0,0,0,0,0,0,0,0,0
128,29,109,4,85,283,3011,0,0,0,0,0,0,0,0,0,0
9,12,9,4,0,0,0,0,0,0,0,0,0,0,0,0,0
2162,2163,4,0,0,0,0,0,0,0,0,0,0,0,0,0,0
254,0,0,0,0,0,0,0,0,0,0,0,0,0,0,0,0
34,18,80,0,0,0,0,0,0,0,0,0,0,0,0,0,0
1264,4,0,0,0,0,0,0,0,0,0,0,0,0,0,0,0
156,0,0,0,0,0,0,0,0,0,0,0,0,0,0,0,0
85,457,886,10,17,864,120,0,0,0,0,0,0,0,0,0,0
5,4,3,37,254,0,0,0,0,0,0,0,0,0,0,0,0
66,0,0,0,0,0,0,0,0,0,0,0,0,0,0,0,0
224,0,0,0,0,0,0,0,0,0,0,0,0,0,0,0,0
105,413,0,0,0,0,0,0,0,0,0,0,0,0,0,0,0
209,55,0,0,0,0,0,0,0,0,0,0,0,0,0,0,0
11,3,16,44,15,18,30,80,244,120,0,0,0,0,0,0,0
59,23,163,0,0,0,0,0,0,0,0,0,0,0,0,0,0
194,195,0,0,0,0,0,0,0,0,0,0,0,0,0,0,0
658,171,157,130,343,171,157,130,343,0,0,0,0,0,0,0,0
103,103,0,0,0,0,0,0,0,0,0,0,0,0,0,0,0
162,9,156,0,0,0,0,0,0,0,0,0,0,0,0,0,0
23,129,0,0,0,0,0,0,0,0,0,0,0,0,0,0,0
323,0,0,0,0,0,0,0,0,0,0,0,0,0,0,0,0
9,4,2072,229,145,35,323,35,2073,154,0,0,0,0,0,0,0
3,126,15,1412,141,66,1413,447,869,345,653,870,448,3,0,0,0
1374,0,0,0,0,0,0,0,0,0,0,0,0,0,0,0,0
9,4,160,19,85,1959,58,0,0,0,0,0,0,0,0,0,0
18,379,15,0,0,0,0,0,0,0,0,0,0,0,0,0,0
202,171,910,911,677,69,144,6,98,23,923,0,0,0,0,0,0
218,20,2134,5,0,0,0,0,0,0,0,0,0,0,0,0,0
313,0,0,0,0,0,0,0,0,0,0,0,0,0,0,0,0
66,2844,0,0,0,0,0,0,0,0,0,0,0,0,0,0,0
60,2502,2503,0,0,0,0,0,0,0,0,0,0,0,0,0,0
242,2,20,60,1404,3,1405,60,0,0,0,0,0,0,0,0,0
9,1176,2574,2575,439,0,0,0,0,0,0,0,0,0,0,0,0
9,4,0,0,0,0,0,0,0,0,0,0,0,0,0,0,0
9,0,0,0,0,0,0,0,0,0,0,0,0,0,0,0,0
23,4,1096,0,0,0,0,0,0,0,0,0,0,0,0,0,0
25,38,4,5,80,0,0,0,0,0,0,0,0,0,0,0,0
2157,0,0,0,0,0,0,0,0,0,0,0,0,0,0,0,0
42,2510,177,0,0,0,0,0,0,0,0,0,0,0,0,0,0
11,2155,0,0,0,0,0,0,0,0,0,0,0,0,0,0,0
120,450,1579,108,35,21,120,0,0,0,0,0,0,0,0,0,0
3,104,9,1952,5,35,24,41,0,0,0,0,0,0,0,0,0
224,504,241,306,2166,60,9,0,0,0,0,0,0,0,0,0,0
0,0,0,0,0,0,0,0,0,0,0,0,0,0,0,0,0
237,2,15,443,0,0,0,0,0,0,0,0,0,0,0,0,0
3,16,44,20,379,127,44,529,0,0,0,0,0,0,0,0,0
9,0,0,0,0,0,0,0,0,0,0,0,0,0,0,0,0
23,116,4,2182,116,134,2183,772,0,0,0,0,0,0,0,0,0
38,26,4,0,0,0,0,0,0,0,0,0,0,0,0,0,0
3,118,314,84,399,675,904,1501,141,0,0,0,0,0,0,0,0
9,4,0,0,0,0,0,0,0,0,0,0,0,0,0,0,0
235,0,0,0,0,0,0,0,0,0,0,0,0,0,0,0,0
2216,0,0,0,0,0,0,0,0,0,0,0,0,0,0,0,0
1130,4,30,2646,485,92,247,1150,2647,144,0,0,0,0,0,0,0
407,12,220,1638,15,45,458,478,1639,0,0,0,0,0,0,0,0
82,17,1371,1372,1373,0,0,0,0,0,0,0,0,0,0,0,0
2674,2675,99,104,0,0,0,0,0,0,0,0,0,0,0,0,0
214,2744,5,120,0,0,0,0,0,0,0,0,0,0,0,0,0
2196,0,0,0,0,0,0,0,0,0,0,0,0,0,0,0,0
0,0,0,0,0,0,0,0,0,0,0,0,0,0,0,0,0
1429,1430,876,15,0,0,0,0,0,0,0,0,0,0,0,0,0
103,103,1256,0,0,0,0,0,0,0,0,0,0,0,0,0,0
665,157,130,0,0,0,0,0,0,0,0,0,0,0,0,0,0
18,769,60,61,0,0,0,0,0,0,0,0,0,0,0,0,0
225,44,15,68,0,0,0,0,0,0,0,0,0,0,0,0,0
23,136,891,3,531,8,223,0,0,0,0,0,0,0,0,0,0
5,0,0,0,0,0,0,0,0,0,0,0,0,0,0,0,0
218,20,2134,5,0,0,0,0,0,0,0,0,0,0,0,0,0
313,0,0,0,0,0,0,0,0,0,0,0,0,0,0,0,0
2407,4,0,0,0,0,0,0,0,0,0,0,0,0,0,0,0
4,26,84,1806,585,1001,0,0,0,0,0,0,0,0,0,0,0
26,0,0,0,0,0,0,0,0,0,0,0,0,0,0,0,0
25,38,4,5,80,0,0,0,0,0,0,0,0,0,0,0,0
1344,196,0,0,0,0,0,0,0,0,0,0,0,0,0,0,0
32,190,488,0,0,0,0,0,0,0,0,0,0,0,0,0,0
194,195,0,0,0,0,0,0,0,0,0,0,0,0,0,0,0
9,55,0,0,0,0,0,0,0,0,0,0,0,0,0,0,0
712,1014,1839,0,0,0,0,0,0,0,0,0,0,0,0,0,0
103,103,0,0,0,0,0,0,0,0,0,0,0,0,0,0,0
1808,4,0,0,0,0,0,0,0,0,0,0,0,0,0,0,0
156,67,5,553,2433,2434,2435,2436,2437,1143,412,2438,416,0,0,0,0
3063,3064,1015,0,0,0,0,0,0,0,0,0,0,0,0,0,0
328,27,52,24,41,26,38,1887,160,0,0,0,0,0,0,0,0
1564,338,1565,28,1566,469,53,345,0,0,0,0,0,0,0,0,0
17,679,0,0,0,0,0,0,0,0,0,0,0,0,0,0,0
128,2720,25,534,0,0,0,0,0,0,0,0,0,0,0,0,0
15,203,922,684,44,15,156,0,0,0,0,0,0,0,0,0,0
5,4,262,5,4,0,0,0,0,0,0,0,0,0,0,0,0
15,1157,0,0,0,0,0,0,0,0,0,0,0,0,0,0,0
407,12,220,1638,15,45,458,478,1639,0,0,0,0,0,0,0,0
2674,2675,99,104,0,0,0,0,0,0,0,0,0,0,0,0,0
1069,43,2444,612,70,587,0,0,0,0,0,0,0,0,0,0,0
23,129,0,0,0,0,0,0,0,0,0,0,0,0,0,0,0
1260,80,0,0,0,0,0,0,0,0,0,0,0,0,0,0,0
5,500,0,0,0,0,0,0,0,0,0,0,0,0,0,0,0
1808,4,0,0,0,0,0,0,0,0,0,0,0,0,0,0,0
225,44,15,68,0,0,0,0,0,0,0,0,0,0,0,0,0
181,16,3,30,44,15,0,0,0,0,0,0,0,0,0,0,0
123,0,0,0,0,0,0,0,0,0,0,0,0,0,0,0,0
116,134,0,0,0,0,0,0,0,0,0,0,0,0,0,0,0
36,5,4,0,0,0,0,0,0,0,0,0,0,0,0,0,0
139,96,0,0,0,0,0,0,0,0,0,0,0,0,0,0,0
313,66,758,0,0,0,0,0,0,0,0,0,0,0,0,0,0
15,89,24,41,701,943,0,0,0,0,0,0,0,0,0,0,0
99,0,0,0,0,0,0,0,0,0,0,0,0,0,0,0,0
9,4,35,188,242,0,0,0,0,0,0,0,0,0,0,0,0
214,0,0,0,0,0,0,0,0,0,0,0,0,0,0,0,0
82,1823,1824,1825,727,1007,124,319,153,57,1826,244,727,1007,1827,1828,0
4,89,15,89,20,39,0,0,0,0,0,0,0,0,0,0,0
9,1024,582,0,0,0,0,0,0,0,0,0,0,0,0,0,0
4,257,0,0,0,0,0,0,0,0,0,0,0,0,0,0,0
1267,3084,0,0,0,0,0,0,0,0,0,0,0,0,0,0,0
556,0,0,0,0,0,0,0,0,0,0,0,0,0,0,0,0
9,2950,2951,2952,0,0,0,0,0,0,0,0,0,0,0,0,0
103,103,0,0,0,0,0,0,0,0,0,0,0,0,0,0,0
34,28,17,465,0,0,0,0,0,0,0,0,0,0,0,0,0
120,136,9,0,0,0,0,0,0,0,0,0,0,0,0,0,0
237,2,15,443,0,0,0,0,0,0,0,0,0,0,0,0,0
655,328,0,0,0,0,0,0,0,0,0,0,0,0,0,0,0
32,196,0,0,0,0,0,0,0,0,0,0,0,0,0,0,0
3024,0,0,0,0,0,0,0,0,0,0,0,0,0,0,0,0
44,15,279,89,20,39,900,0,0,0,0,0,0,0,0,0,0
9,42,0,0,0,0,0,0,0,0,0,0,0,0,0,0,0
235,174,114,2151,2152,0,0,0,0,0,0,0,0,0,0,0,0
60,2502,2503,0,0,0,0,0,0,0,0,0,0,0,0,0,0
360,85,67,166,416,355,1745,355,0,0,0,0,0,0,0,0,0
38,24,41,0,0,0,0,0,0,0,0,0,0,0,0,0,0
17,1793,16,107,5,722,269,88,5,995,1794,995,0,0,0,0,0
28,725,1807,119,0,0,0,0,0,0,0,0,0,0,0,0,0
123,17,864,60,865,214,88,17,0,0,0,0,0,0,0,0,0
67,110,1052,197,117,5,107,4,0,0,0,0,0,0,0,0,0
198,90,127,44,0,0,0,0,0,0,0,0,0,0,0,0,0
324,177,235,0,0,0,0,0,0,0,0,0,0,0,0,0,0
103,103,0,0,0,0,0,0,0,0,0,0,0,0,0,0,0
275,926,0,0,0,0,0,0,0,0,0,0,0,0,0,0,0
9,4,160,19,85,1959,58,0,0,0,0,0,0,0,0,0,0
26,0,0,0,0,0,0,0,0,0,0,0,0,0,0,0,0
9,4,0,0,0,0,0,0,0,0,0,0,0,0,0,0,0
1267,3084,0,0,0,0,0,0,0,0,0,0,0,0,0,0,0
198,90,109,1747,0,0,0,0,0,0,0,0,0,0,0,0,0
5,2959,0,0,0,0,0,0,0,0,0,0,0,0,0,0,0
254,0,0,0,0,0,0,0,0,0,0,0,0,0,0,0,0
1080,26,83,4,1081,0,0,0,0,0,0,0,0,0,0,0,0
1497,867,1498,554,0,0,0,0,0,0,0,0,0,0,0,0,0
3,104,9,1952,5,35,24,41,0,0,0,0,0,0,0,0,0
225,720,249,994,181,208,272,249,24,0,0,0,0,0,0,0,0
9,0,0,0,0,0,0,0,0,0,0,0,0,0,0,0,0
224,47,1526,157,130,0,0,0,0,0,0,0,0,0,0,0,0
259,487,2153,187,0,0,0,0,0,0,0,0,0,0,0,0,0
225,44,0,0,0,0,0,0,0,0,0,0,0,0,0,0,0
66,3,30,287,4,0,0,0,0,0,0,0,0,0,0,0,0
1497,867,1498,554,0,0,0,0,0,0,0,0,0,0,0,0,0
3023,9,4,385,550,9,1149,55,0,0,0,0,0,0,0,0,0
18,60,352,0,0,0,0,0,0,0,0,0,0,0,0,0,0
3,739,262,0,0,0,0,0,0,0,0,0,0,0,0,0,0
230,152,90,1137,128,29,30,4,57,346,2401,134,2402,268,25,116,0
15,528,17,15,443,211,304,0,0,0,0,0,0,0,0,0,0
82,497,127,15,1110,63,3,347,30,83,132,1266,476,127,818,371,0
156,1375,1376,116,1377,1378,1379,384,110,141,156,0,0,0,0,0,0
158,16,38,0,0,0,0,0,0,0,0,0,0,0,0,0,0
23,39,327,4,78,0,0,0,0,0,0,0,0,0,0,0,0
4,68,0,0,0,0,0,0,0,0,0,0,0,0,0,0,0
187,42,0,0,0,0,0,0,0,0,0,0,0,0,0,0,0
2987,0,0,0,0,0,0,0,0,0,0,0,0,0,0,0,0
68,0,0,0,0,0,0,0,0,0,0,0,0,0,0,0,0
23,4,78,0,0,0,0,0,0,0,0,0,0,0,0,0,0
9,4,2866,35,0,0,0,0,0,0,0,0,0,0,0,0,0
560,683,113,14,32,1559,921,1560,919,1561,127,3,1562,35,1563,127,0
313,0,0,0,0,0,0,0,0,0,0,0,0,0,0,0,0
19,218,39,327,0,0,0,0,0,0,0,0,0,0,0,0,0
28,725,1807,119,0,0,0,0,0,0,0,0,0,0,0,0,0
2405,2406,0,0,0,0,0,0,0,0,0,0,0,0,0,0,0
404,4,1060,32,0,0,0,0,0,0,0,0,0,0,0,0,0
287,4,0,0,0,0,0,0,0,0,0,0,0,0,0,0,0
82,1823,1824,1825,727,1007,124,319,153,57,1826,244,727,1007,1827,1828,0
535,0,0,0,0,0,0,0,0,0,0,0,0,0,0,0,0
99,23,4,78,0,0,0,0,0,0,0,0,0,0,0,0,0
464,5,32,190,29,696,0,0,0,0,0,0,0,0,0,0,0
68,0,0,0,0,0,0,0,0,0,0,0,0,0,0,0,0
194,195,0,0,0,0,0,0,0,0,0,0,0,0,0,0,0
404,35,16,484,485,0,0,0,0,0,0,0,0,0,0,0,0
2161,0,0,0,0,0,0,0,0,0,0,0,0,0,0,0,0
9,4,35,0,0,0,0,0,0,0,0,0,0,0,0,0,0
1230,4,0,0,0,0,0,0,0,0,0,0,0,0,0,0,0
24,41,0,0,0,0,0,0,0,0,0,0,0,0,0,0,0
23,116,4,2182,116,134,2183,772,0,0,0,0,0,0,0,0,0
99,0,0,0,0,0,0,0,0,0,0,0,0,0,0,0,0
55,226,270,1269,19,11,270,180,9,0,0,0,0,0,0,0,0
9,4,2833,134,0,0,0,0,0,0,0,0,0,0,0,0,0
104,164,414,1769,1770,5,3,0,0,0,0,0,0,0,0,0,0
481,227,973,979,581,2,3,0,0,0,0,0,0,0,0,0,0
1264,4,0,0,0,0,0,0,0,0,0,0,0,0,0,0,0
34,494,4,84,380,148,1991,1992,128,4,225,1993,1994,359,261,1995,0
883,64,92,257,0,0,0,0,0,0,0,0,0,0,0,0,0
68,4,0,0,0,0,0,0,0,0,0,0,0,0,0,0,0
880,208,136,259,44,881,136,60,1452,393,882,1453,347,34,1454,124,0
313,66,758,0,0,0,0,0,0,0,0,0,0,0,0,0,0
23,1100,0,0,0,0,0,0,0,0,0,0,0,0,0,0,0
66,0,0,0,0,0,0,0,0,0,0,0,0,0,0,0,0
26,29,0,0,0,0,0,0,0,0,0,0,0,0,0,0,0
89,15,438,0,0,0,0,0,0,0,0,0,0,0,0,0,0
156,143,15,0,0,0,0,0,0,0,0,0,0,0,0,0,0
55,0,0,0,0,0,0,0,0,0,0,0,0,0,0,0,0
99,0,0,0,0,0,0,0,0,0,0,0,0,0,0,0,0
42,1067,228,78,2984,2985,0,0,0,0,0,0,0,0,0,0,0
0,0,0,0,0,0,0,0,0,0,0,0,0,0,0,0,0
347,569,16,1831,401,1009,482,0,0,0,0,0,0,0,0,0,0
194,2676,2677,0,0,0,0,0,0,0,0,0,0,0,0,0,0
1483,462,187,305,3,8,0,0,0,0,0,0,0,0,0,0,0
139,11,162,129,128,1512,1513,1514,40,257,399,0,0,0,0,0,0
66,0,0,0,0,0,0,0,0,0,0,0,0,0,0,0,0
194,195,0,0,0,0,0,0,0,0,0,0,0,0,0,0,0
42,2510,177,0,0,0,0,0,0,0,0,0,0,0,0,0,0
4,739,0,0,0,0,0,0,0,0,0,0,0,0,0,0,0
9,4,0,0,0,0,0,0,0,0,0,0,0,0,0,0,0
5,500,0,0,0,0,0,0,0,0,0,0,0,0,0,0,0
2752,4,840,64,174,301,0,0,0,0,0,0,0,0,0,0,0
30,23,4,29,0,0,0,0,0,0,0,0,0,0,0,0,0
125,1259,0,0,0,0,0,0,0,0,0,0,0,0,0,0,0
1266,0,0,0,0,0,0,0,0,0,0,0,0,0,0,0,0
37,42,0,0,0,0,0,0,0,0,0,0,0,0,0,0,0
78,5,115,275,202,86,595,1966,164,143,1967,595,88,5,275,129,0
23,0,0,0,0,0,0,0,0,0,0,0,0,0,0,0,0
9,167,26,0,0,0,0,0,0,0,0,0,0,0,0,0,0
78,5,115,275,202,86,595,1966,164,143,1967,595,88,5,275,129,0
15,203,922,684,44,15,156,0,0,0,0,0,0,0,0,0,0
1900,119,1901,208,0,0,0,0,0,0,0,0,0,0,0,0,0
15,0,0,0,0,0,0,0,0,0,0,0,0,0,0,0,0
60,352,0,0,0,0,0,0,0,0,0,0,0,0,0,0,0
19,1882,991,1883,122,1884,981,675,1029,4,394,1030,1885,1886,4,26,0
4,398,4,337,580,0,0,0,0,0,0,0,0,0,0,0,0
254,0,0,0,0,0,0,0,0,0,0,0,0,0,0,0,0
9,4,35,188,242,0,0,0,0,0,0,0,0,0,0,0,0
78,5,115,275,202,86,595,1966,164,143,1967,595,88,5,275,129,0
481,227,973,979,581,2,3,0,0,0,0,0,0,0,0,0,0
4,398,4,337,580,0,0,0,0,0,0,0,0,0,0,0,0
4,706,0,0,0,0,0,0,0,0,0,0,0,0,0,0,0
3,1778,227,27,1779,348,0,0,0,0,0,0,0,0,0,0,0
986,82,308,3,987,308,57,1762,1763,988,359,105,1764,487,1765,1766,0
9,4,3050,9,0,0,0,0,0,0,0,0,0,0,0,0,0
3,126,15,1412,141,66,1413,447,869,345,653,870,448,3,0,0,0
1403,237,2,534,535,0,0,0,0,0,0,0,0,0,0,0,0
1431,0,0,0,0,0,0,0,0,0,0,0,0,0,0,0,0
9,167,26,0,0,0,0,0,0,0,0,0,0,0,0,0,0
5,4,3,37,254,0,0,0,0,0,0,0,0,0,0,0,0
139,4,0,0,0,0,0,0,0,0,0,0,0,0,0,0,0
451,3,0,0,0,0,0,0,0,0,0,0,0,0,0,0,0
116,462,772,0,0,0,0,0,0,0,0,0,0,0,0,0,0
9,0,0,0,0,0,0,0,0,0,0,0,0,0,0,0,0
187,188,1534,17,245,190,4,32,69,190,0,0,0,0,0,0,0
2161,0,0,0,0,0,0,0,0,0,0,0,0,0,0,0,0
32,307,0,0,0,0,0,0,0,0,0,0,0,0,0,0,0
481,227,973,979,581,2,3,0,0,0,0,0,0,0,0,0,0
181,116,0,0,0,0,0,0,0,0,0,0,0,0,0,0,0
2918,363,212,17,6,0,0,0,0,0,0,0,0,0,0,0,0
2674,2675,99,104,0,0,0,0,0,0,0,0,0,0,0,0,0
9,11,0,0,0,0,0,0,0,0,0,0,0,0,0,0,0
635,836,196,237,252,2,15,0,0,0,0,0,0,0,0,0,0
1809,4,1810,1811,0,0,0,0,0,0,0,0,0,0,0,0,0
449,3,656,15,188,871,63,535,0,0,0,0,0,0,0,0,0
9,4,0,0,0,0,0,0,0,0,0,0,0,0,0,0,0
44,0,0,0,0,0,0,0,0,0,0,0,0,0,0,0,0
0,0,0,0,0,0,0,0,0,0,0,0,0,0,0,0,0
310,3,8,1471,157,130,44,15,171,157,130,343,0,0,0,0,0
34,28,17,465,0,0,0,0,0,0,0,0,0,0,0,0,0
80,1095,0,0,0,0,0,0,0,0,0,0,0,0,0,0,0
5,0,0,0,0,0,0,0,0,0,0,0,0,0,0,0,0
301,0,0,0,0,0,0,0,0,0,0,0,0,0,0,0,0
1288,1288,3255,0,0,0,0,0,0,0,0,0,0,0,0,0,0
2226,0,0,0,0,0,0,0,0,0,0,0,0,0,0,0,0
126,301,0,0,0,0,0,0,0,0,0,0,0,0,0,0,0
14,283,181,37,0,0,0,0,0,0,0,0,0,0,0,0,0
15,203,922,684,44,15,156,0,0,0,0,0,0,0,0,0,0
2215,759,608,0,0,0,0,0,0,0,0,0,0,0,0,0,0
9,4,35,0,0,0,0,0,0,0,0,0,0,0,0,0,0
18,323,339,227,252,2005,0,0,0,0,0,0,0,0,0,0,0
1483,462,187,305,3,8,0,0,0,0,0,0,0,0,0,0,0
116,134,2202,2203,0,0,0,0,0,0,0,0,0,0,0,0,0
1502,1503,0,0,0,0,0,0,0,0,0,0,0,0,0,0,0
179,143,219,1079,219,1105,2218,0,0,0,0,0,0,0,0,0,0
454,0,0,0,0,0,0,0,0,0,0,0,0,0,0,0,0
38,24,41,0,0,0,0,0,0,0,0,0,0,0,0,0,0
132,769,0,0,0,0,0,0,0,0,0,0,0,0,0,0,0
38,26,4,0,0,0,0,0,0,0,0,0,0,0,0,0,0
194,195,0,0,0,0,0,0,0,0,0,0,0,0,0,0,0
82,44,305,574,36,99,44,308,237,28,275,82,44,0,0,0,0
9,4,0,0,0,0,0,0,0,0,0,0,0,0,0,0,0
198,90,109,1747,0,0,0,0,0,0,0,0,0,0,0,0,0
2157,0,0,0,0,0,0,0,0,0,0,0,0,0,0,0,0
123,3,225,44,15,25,241,0,0,0,0,0,0,0,0,0,0
347,569,16,1831,401,1009,482,0,0,0,0,0,0,0,0,0,0
2223,13,13,13,13,13,13,13,13,13,13,13,13,116,134,2224,0
20,27,403,3,32,1537,16,318,1538,4,0,0,0,0,0,0,0
328,27,52,24,41,26,38,1887,160,0,0,0,0,0,0,0,0
24,124,37,2096,2097,0,0,0,0,0,0,0,0,0,0,0,0
880,208,136,259,44,881,136,60,1452,393,882,1453,347,34,1454,124,0
66,0,0,0,0,0,0,0,0,0,0,0,0,0,0,0,0
126,989,0,0,0,0,0,0,0,0,0,0,0,0,0,0,0
9,4,0,0,0,0,0,0,0,0,0,0,0,0,0,0,0
24,465,86,81,0,0,0,0,0,0,0,0,0,0,0,0,0
136,141,15,159,1472,122,668,44,15,1473,0,0,0,0,0,0,0
254,700,0,0,0,0,0,0,0,0,0,0,0,0,0,0,0
26,29,0,0,0,0,0,0,0,0,0,0,0,0,0,0,0
20,5,124,556,2399,113,110,11,2400,1136,259,282,11,369,0,0,0
454,0,0,0,0,0,0,0,0,0,0,0,0,0,0,0,0
23,0,0,0,0,0,0,0,0,0,0,0,0,0,0,0,0
3036,55,0,0,0,0,0,0,0,0,0,0,0,0,0,0,0
263,3256,3257,163,0,0,0,0,0,0,0,0,0,0,0,0,0
359,66,179,0,0,0,0,0,0,0,0,0,0,0,0,0,0
585,4,264,1189,32,38,224,82,237,1123,0,0,0,0,0,0,0
347,569,16,1831,401,1009,482,0,0,0,0,0,0,0,0,0,0
254,0,0,0,0,0,0,0,0,0,0,0,0,0,0,0,0
9,4,0,0,0,0,0,0,0,0,0,0,0,0,0,0,0
3027,0,0,0,0,0,0,0,0,0,0,0,0,0,0,0,0
9,4,35,0,0,0,0,0,0,0,0,0,0,0,0,0,0
9,4,0,0,0,0,0,0,0,0,0,0,0,0,0,0,0
136,115,134,714,1104,5,0,0,0,0,0,0,0,0,0,0,0
2918,363,212,17,6,0,0,0,0,0,0,0,0,0,0,0,0
3,15,89,20,244,0,0,0,0,0,0,0,0,0,0,0,0
254,0,0,0,0,0,0,0,0,0,0,0,0,0,0,0,0
68,1114,55,26,0,0,0,0,0,0,0,0,0,0,0,0,0
292,293,0,0,0,0,0,0,0,0,0,0,0,0,0,0,0
292,293,0,0,0,0,0,0,0,0,0,0,0,0,0,0,0
15,528,17,15,443,211,304,0,0,0,0,0,0,0,0,0,0
9,2812,442,42,2813,259,611,0,0,0,0,0,0,0,0,0,0
99,4,0,0,0,0,0,0,0,0,0,0,0,0,0,0,0
9,4,0,0,0,0,0,0,0,0,0,0,0,0,0,0,0
99,0,0,0,0,0,0,0,0,0,0,0,0,0,0,0,0
3010,26,0,0,0,0,0,0,0,0,0,0,0,0,0,0,0
1264,4,0,0,0,0,0,0,0,0,0,0,0,0,0,0,0
15,89,24,41,701,943,0,0,0,0,0,0,0,0,0,0,0
5,3,0,0,0,0,0,0,0,0,0,0,0,0,0,0,0
85,253,676,1504,348,0,0,0,0,0,0,0,0,0,0,0,0
162,681,0,0,0,0,0,0,0,0,0,0,0,0,0,0,0
9,4,0,0,0,0,0,0,0,0,0,0,0,0,0,0,0
42,23,0,0,0,0,0,0,0,0,0,0,0,0,0,0,0
192,23,11,3,338,32,307,11,282,1787,0,0,0,0,0,0,0
310,3,8,1471,157,130,44,15,171,157,130,343,0,0,0,0,0
30,23,4,29,0,0,0,0,0,0,0,0,0,0,0,0,0
5,2959,0,0,0,0,0,0,0,0,0,0,0,0,0,0,0
287,4,78,9,116,134,496,0,0,0,0,0,0,0,0,0,0
120,124,158,16,38,0,0,0,0,0,0,0,0,0,0,0,0
5,154,11,3,0,0,0,0,0,0,0,0,0,0,0,0,0
15,0,0,0,0,0,0,0,0,0,0,0,0,0,0,0,0
4,214,0,0,0,0,0,0,0,0,0,0,0,0,0,0,0
32,190,488,0,0,0,0,0,0,0,0,0,0,0,0,0,0
5,3,0,0,0,0,0,0,0,0,0,0,0,0,0,0,0
32,674,60,9,500,0,0,0,0,0,0,0,0,0,0,0,0
61,586,61,586,1064,61,2060,39,61,2061,2062,306,61,206,2063,2064,0
158,16,38,23,4,78,0,0,0,0,0,0,0,0,0,0,0
883,64,92,257,0,0,0,0,0,0,0,0,0,0,0,0,0
11,2155,0,0,0,0,0,0,0,0,0,0,0,0,0,0,0
15,66,0,0,0,0,0,0,0,0,0,0,0,0,0,0,0
9,0,0,0,0,0,0,0,0,0,0,0,0,0,0,0,0
91,2903,0,0,0,0,0,0,0,0,0,0,0,0,0,0,0
740,152,90,28,1951,593,1041,0,0,0,0,0,0,0,0,0,0
26,0,0,0,0,0,0,0,0,0,0,0,0,0,0,0,0
310,42,3,289,2473,0,0,0,0,0,0,0,0,0,0,0,0
324,177,235,0,0,0,0,0,0,0,0,0,0,0,0,0,0
2941,0,0,0,0,0,0,0,0,0,0,0,0,0,0,0,0
24,41,389,24,214,747,4,55,3076,3077,4,4,802,301,218,13,0
0,0,0,0,0,0,0,0,0,0,0,0,0,0,0,0,0
0,0,0,0,0,0,0,0,0,0,0,0,0,0,0,0,0
938,292,587,437,293,0,0,0,0,0,0,0,0,0,0,0,0
123,2132,4,0,0,0,0,0,0,0,0,0,0,0,0,0,0
82,497,127,15,1110,63,3,347,30,83,132,1266,476,127,818,371,0
383,86,1542,681,1543,0,0,0,0,0,0,0,0,0,0,0,0
93,105,180,9,35,804,2748,117,0,0,0,0,0,0,0,0,0
9,4,2866,35,0,0,0,0,0,0,0,0,0,0,0,0,0
128,83,418,0,0,0,0,0,0,0,0,0,0,0,0,0,0
1790,1791,0,0,0,0,0,0,0,0,0,0,0,0,0,0,0
3,354,415,1726,1727,1728,714,0,0,0,0,0,0,0,0,0,0
26,116,0,0,0,0,0,0,0,0,0,0,0,0,0,0,0
716,1749,469,348,716,1750,0,0,0,0,0,0,0,0,0,0,0
9,4,0,0,0,0,0,0,0,0,0,0,0,0,0,0,0
1080,4,26,0,0,0,0,0,0,0,0,0,0,0,0,0,0
313,68,9,2135,0,0,0,0,0,0,0,0,0,0,0,0,0
9,2812,442,42,2813,259,611,0,0,0,0,0,0,0,0,0,0
451,3,0,0,0,0,0,0,0,0,0,0,0,0,0,0,0
18,197,117,4,3,66,0,0,0,0,0,0,0,0,0,0,0
123,0,0,0,0,0,0,0,0,0,0,0,0,0,0,0,0
123,551,190,0,0,0,0,0,0,0,0,0,0,0,0,0,0
292,2477,0,0,0,0,0,0,0,0,0,0,0,0,0,0,0
4,263,52,3399,0,0,0,0,0,0,0,0,0,0,0,0,0
1344,196,0,0,0,0,0,0,0,0,0,0,0,0,0,0,0
120,0,0,0,0,0,0,0,0,0,0,0,0,0,0,0,0
1344,196,0,0,0,0,0,0,0,0,0,0,0,0,0,0,0
9,402,0,0,0,0,0,0,0,0,0,0,0,0,0,0,0
5,2959,0,0,0,0,0,0,0,0,0,0,0,0,0,0,0
39,325,8,3,15,179,0,0,0,0,0,0,0,0,0,0,0
224,47,1526,157,130,0,0,0,0,0,0,0,0,0,0,0,0
16,237,15,0,0,0,0,0,0,0,0,0,0,0,0,0,0
60,352,0,0,0,0,0,0,0,0,0,0,0,0,0,0,0
55,4,103,103,0,0,0,0,0,0,0,0,0,0,0,0,0
36,3022,9,204,0,0,0,0,0,0,0,0,0,0,0,0,0
42,96,453,151,0,0,0,0,0,0,0,0,0,0,0,0,0
103,103,0,0,0,0,0,0,0,0,0,0,0,0,0,0,0
120,136,9,0,0,0,0,0,0,0,0,0,0,0,0,0,0
235,0,0,0,0,0,0,0,0,0,0,0,0,0,0,0,0
126,989,0,0,0,0,0,0,0,0,0,0,0,0,0,0,0
116,134,0,0,0,0,0,0,0,0,0,0,0,0,0,0,0
9,4,1740,128,204,253,198,90,109,160,0,0,0,0,0,0,0
26,141,1042,1953,1043,1954,482,228,1955,0,0,0,0,0,0,0,0
945,872,946,569,1625,8,1626,476,44,15,119,0,0,0,0,0,0
2138,0,0,0,0,0,0,0,0,0,0,0,0,0,0,0,0
66,2844,0,0,0,0,0,0,0,0,0,0,0,0,0,0,0
99,0,0,0,0,0,0,0,0,0,0,0,0,0,0,0,0
9,0,0,0,0,0,0,0,0,0,0,0,0,0,0,0,0
9,0,0,0,0,0,0,0,0,0,0,0,0,0,0,0,0
24,226,650,0,0,0,0,0,0,0,0,0,0,0,0,0,0
4,158,16,38,9,0,0,0,0,0,0,0,0,0,0,0,0
9,0,0,0,0,0,0,0,0,0,0,0,0,0,0,0,0
64,444,0,0,0,0,0,0,0,0,0,0,0,0,0,0,0
359,66,179,0,0,0,0,0,0,0,0,0,0,0,0,0,0
91,547,0,0,0,0,0,0,0,0,0,0,0,0,0,0,0
126,989,0,0,0,0,0,0,0,0,0,0,0,0,0,0,0
26,3,0,0,0,0,0,0,0,0,0,0,0,0,0,0,0
143,178,44,82,24,600,0,0,0,0,0,0,0,0,0,0,0
2053,354,256,270,5,82,30,1063,2054,2055,716,160,208,2056,2057,2058,0
593,153,37,44,818,9,55,0,0,0,0,0,0,0,0,0,0
23,4,78,2146,0,0,0,0,0,0,0,0,0,0,0,0,0
9,58,167,1200,2716,698,66,70,359,66,129,0,0,0,0,0,0
66,0,0,0,0,0,0,0,0,0,0,0,0,0,0,0,0
177,2158,11,11,134,0,0,0,0,0,0,0,0,0,0,0,0
9,4,2833,134,0,0,0,0,0,0,0,0,0,0,0,0,0
42,23,70,29,0,0,0,0,0,0,0,0,0,0,0,0,0
230,23,4,78,0,0,0,0,0,0,0,0,0,0,0,0,0
986,82,308,3,987,308,57,1762,1763,988,359,105,1764,487,1765,1766,0
492,471,3039,491,15,3040,736,0,0,0,0,0,0,0,0,0,0
36,43,3,16,44,15,27,180,0,0,0,0,0,0,0,0,0
230,116,134,607,415,759,608,2206,0,0,0,0,0,0,0,0,0
55,0,0,0,0,0,0,0,0,0,0,0,0,0,0,0,0
132,769,0,0,0,0,0,0,0,0,0,0,0,0,0,0,0
66,0,0,0,0,0,0,0,0,0,0,0,0,0,0,0,0
156,0,0,0,0,0,0,0,0,0,0,0,0,0,0,0,0
263,354,242,64,500,0,0,0,0,0,0,0,0,0,0,0,0
4,66,0,0,0,0,0,0,0,0,0,0,0,0,0,0,0
2879,0,0,0,0,0,0,0,0,0,0,0,0,0,0,0,0
105,0,0,0,0,0,0,0,0,0,0,0,0,0,0,0,0
99,4,0,0,0,0,0,0,0,0,0,0,0,0,0,0,0
55,23,1,0,0,0,0,0,0,0,0,0,0,0,0,0,0
156,9,0,0,0,0,0,0,0,0,0,0,0,0,0,0,0
68,86,0,0,0,0,0,0,0,0,0,0,0,0,0,0,0
9,3060,0,0,0,0,0,0,0,0,0,0,0,0,0,0,0
15,203,922,684,44,15,156,0,0,0,0,0,0,0,0,0,0
104,4,37,24,0,0,0,0,0,0,0,0,0,0,0,0,0
123,9,0,0,0,0,0,0,0,0,0,0,0,0,0,0,0
50,2180,12,341,0,0,0,0,0,0,0,0,0,0,0,0,0
194,195,0,0,0,0,0,0,0,0,0,0,0,0,0,0,0
68,4,0,0,0,0,0,0,0,0,0,0,0,0,0,0,0
15,2185,2186,2187,0,0,0,0,0,0,0,0,0,0,0,0,0
1431,0,0,0,0,0,0,0,0,0,0,0,0,0,0,0,0
125,1259,0,0,0,0,0,0,0,0,0,0,0,0,0,0,0
132,769,0,0,0,0,0,0,0,0,0,0,0,0,0,0,0
16,126,15,5,157,130,34,1540,34,217,1541,915,5,916,11,3,0
36,5,4,0,0,0,0,0,0,0,0,0,0,0,0,0,0
3010,26,0,0,0,0,0,0,0,0,0,0,0,0,0,0,0
131,0,0,0,0,0,0,0,0,0,0,0,0,0,0,0,0
42,1067,228,78,2984,2985,0,0,0,0,0,0,0,0,0,0,0
2226,0,0,0,0,0,0,0,0,0,0,0,0,0,0,0,0
187,42,0,0,0,0,0,0,0,0,0,0,0,0,0,0,0
292,293,0,0,0,0,0,0,0,0,0,0,0,0,0,0,0
202,171,910,911,677,69,144,6,98,23,923,0,0,0,0,0,0
187,188,1534,17,245,190,4,32,69,190,0,0,0,0,0,0,0
1502,1503,0,0,0,0,0,0,0,0,0,0,0,0,0,0,0
23,116,4,2182,116,134,2183,772,0,0,0,0,0,0,0,0,0
5,4,35,0,0,0,0,0,0,0,0,0,0,0,0,0,0
1267,3084,0,0,0,0,0,0,0,0,0,0,0,0,0,0,0
50,2180,12,341,0,0,0,0,0,0,0,0,0,0,0,0,0
9,4,0,0,0,0,0,0,0,0,0,0,0,0,0,0,0
1260,80,0,0,0,0,0,0,0,0,0,0,0,0,0,0,0
66,2844,0,0,0,0,0,0,0,0,0,0,0,0,0,0,0
9,0,0,0,0,0,0,0,0,0,0,0,0,0,0,0,0
126,17,0,0,0,0,0,0,0,0,0,0,0,0,0,0,0
665,0,0,0,0,0,0,0,0,0,0,0,0,0,0,0,0
97,0,0,0,0,0,0,0,0,0,0,0,0,0,0,0,0
9,4,160,19,85,1959,58,0,0,0,0,0,0,0,0,0,0
9,489,41,0,0,0,0,0,0,0,0,0,0,0,0,0,0
9,1035,4,0,0,0,0,0,0,0,0,0,0,0,0,0,0
1451,879,16,44,15,0,0,0,0,0,0,0,0,0,0,0,0
24,41,4,1872,214,0,0,0,0,0,0,0,0,0,0,0,0
2217,145,0,0,0,0,0,0,0,0,0,0,0,0,0,0,0
225,2107,123,2108,257,360,0,0,0,0,0,0,0,0,0,0,0
5,501,235,235,26,0,0,0,0,0,0,0,0,0,0,0,0
1567,342,0,0,0,0,0,0,0,0,0,0,0,0,0,0,0
55,9,0,0,0,0,0,0,0,0,0,0,0,0,0,0,0
9,11,0,0,0,0,0,0,0,0,0,0,0,0,0,0,0
66,0,0,0,0,0,0,0,0,0,0,0,0,0,0,0,0
1288,1288,3255,0,0,0,0,0,0,0,0,0,0,0,0,0,0
180,4,0,0,0,0,0,0,0,0,0,0,0,0,0,0,0
474,1005,586,27,43,1819,1820,86,1821,1822,695,712,193,545,113,100,0
124,760,3083,0,0,0,0,0,0,0,0,0,0,0,0,0,0
24,124,37,2096,2097,0,0,0,0,0,0,0,0,0,0,0,0
1260,80,0,0,0,0,0,0,0,0,0,0,0,0,0,0,0
5,0,0,0,0,0,0,0,0,0,0,0,0,0,0,0,0
125,2865,0,0,0,0,0,0,0,0,0,0,0,0,0,0,0
712,1014,1839,0,0,0,0,0,0,0,0,0,0,0,0,0,0
108,15,274,2862,0,0,0,0,0,0,0,0,0,0,0,0,0
8,17,3038,32,190,0,0,0,0,0,0,0,0,0,0,0,0
197,117,9,0,0,0,0,0,0,0,0,0,0,0,0,0,0
9,4,430,589,114,3019,3020,4,0,0,0,0,0,0,0,0,0
68,4,0,0,0,0,0,0,0,0,0,0,0,0,0,0,0
24,1772,1773,273,0,0,0,0,0,0,0,0,0,0,0,0,0
180,4,0,0,0,0,0,0,0,0,0,0,0,0,0,0,0
5,0,0,0,0,0,0,0,0,0,0,0,0,0,0,0,0
104,4,25,24,240,15,0,0,0,0,0,0,0,0,0,0,0
68,4,0,0,0,0,0,0,0,0,0,0,0,0,0,0,0
5,0,0,0,0,0,0,0,0,0,0,0,0,0,0,0,0
1023,317,0,0,0,0,0,0,0,0,0,0,0,0,0,0,0
9,4,35,0,0,0,0,0,0,0,0,0,0,0,0,0,0
55,597,272,29,660,337,13,131,290,809,699,0,0,0,0,0,0
9,4,3078,39,327,0,0,0,0,0,0,0,0,0,0,0,0
740,152,90,28,1951,593,1041,0,0,0,0,0,0,0,0,0,0
55,23,3008,0,0,0,0,0,0,0,0,0,0,0,0,0,0
68,0,0,0,0,0,0,0,0,0,0,0,0,0,0,0,0
292,84,1029,2913,194,195,2914,2915,0,0,0,0,0,0,0,0,0
23,4,78,0,0,0,0,0,0,0,0,0,0,0,0,0,0
9,55,0,0,0,0,0,0,0,0,0,0,0,0,0,0,0
24,41,999,93,23,129,39,0,0,0,0,0,0,0,0,0,0
26,29,0,0,0,0,0,0,0,0,0,0,0,0,0,0,0
23,1100,0,0,0,0,0,0,0,0,0,0,0,0,0,0,0
4,158,16,38,0,0,0,0,0,0,0,0,0,0,0,0,0
3,669,476,89,15,13,0,0,0,0,0,0,0,0,0,0,0
5,3,0,0,0,0,0,0,0,0,0,0,0,0,0,0,0
464,5,32,190,29,696,0,0,0,0,0,0,0,0,0,0,0
230,23,0,0,0,0,0,0,0,0,0,0,0,0,0,0,0
3,2745,15,0,0,0,0,0,0,0,0,0,0,0,0,0,0
2136,0,0,0,0,0,0,0,0,0,0,0,0,0,0,0,0
136,141,15,159,1472,122,668,44,15,1473,0,0,0,0,0,0,0
740,152,90,28,1951,593,1041,0,0,0,0,0,0,0,0,0,0
23,4,78,0,0,0,0,0,0,0,0,0,0,0,0,0,0
85,253,676,1504,348,0,0,0,0,0,0,0,0,0,0,0,0
9,1035,4,0,0,0,0,0,0,0,0,0,0,0,0,0,0
359,84,1010,226,1834,184,68,1011,0,0,0,0,0,0,0,0,0
225,44,15,68,0,0,0,0,0,0,0,0,0,0,0,0,0
407,12,220,1638,15,45,458,478,1639,0,0,0,0,0,0,0,0
404,4,1060,32,0,0,0,0,0,0,0,0,0,0,0,0,0
712,1014,1839,0,0,0,0,0,0,0,0,0,0,0,0,0,0
42,9,58,167,0,0,0,0,0,0,0,0,0,0,0,0,0
986,82,308,3,987,308,57,1762,1763,988,359,105,1764,487,1765,1766,0
68,0,0,0,0,0,0,0,0,0,0,0,0,0,0,0,0
26,0,0,0,0,0,0,0,0,0,0,0,0,0,0,0,0
120,124,158,16,38,0,0,0,0,0,0,0,0,0,0,0,0
23,4,78,0,0,0,0,0,0,0,0,0,0,0,0,0,0
68,1114,55,26,0,0,0,0,0,0,0,0,0,0,0,0,0
55,254,0,0,0,0,0,0,0,0,0,0,0,0,0,0,0
60,80,0,0,0,0,0,0,0,0,0,0,0,0,0,0,0
123,2132,4,0,0,0,0,0,0,0,0,0,0,0,0,0,0
39,235,0,0,0,0,0,0,0,0,0,0,0,0,0,0,0
23,4,78,0,0,0,0,0,0,0,0,0,0,0,0,0,0
3056,9,3057,0,0,0,0,0,0,0,0,0,0,0,0,0,0
123,0,0,0,0,0,0,0,0,0,0,0,0,0,0,0,0
2674,2675,99,104,0,0,0,0,0,0,0,0,0,0,0,0,0
8,21,0,0,0,0,0,0,0,0,0,0,0,0,0,0,0
235,0,0,0,0,0,0,0,0,0,0,0,0,0,0,0,0
36,5,4,0,0,0,0,0,0,0,0,0,0,0,0,0,0
263,3256,3257,163,0,0,0,0,0,0,0,0,0,0,0,0,0
124,1101,249,773,249,384,1102,83,2197,2198,882,1103,574,249,1102,179,0
5,334,0,0,0,0,0,0,0,0,0,0,0,0,0,0,0
404,4,1060,32,0,0,0,0,0,0,0,0,0,0,0,0,0
23,4,78,0,0,0,0,0,0,0,0,0,0,0,0,0,0
156,115,721,26,0,0,0,0,0,0,0,0,0,0,0,0,0
610,2195,416,501,36,1100,0,0,0,0,0,0,0,0,0,0,0
305,8,3,29,0,0,0,0,0,0,0,0,0,0,0,0,0
116,134,0,0,0,0,0,0,0,0,0,0,0,0,0,0,0
3,126,15,1412,141,66,1413,447,869,345,653,870,448,3,0,0,0
3,2654,602,92,316,1141,60,2655,637,9,2656,798,52,444,317,256,0
64,444,0,0,0,0,0,0,0,0,0,0,0,0,0,0,0
171,84,107,21,8,84,44,15,15,39,0,0,0,0,0,0,0
158,16,38,0,0,0,0,0,0,0,0,0,0,0,0,0,0
225,720,249,994,181,208,272,249,24,0,0,0,0,0,0,0,0
5,500,0,0,0,0,0,0,0,0,0,0,0,0,0,0,0
128,2720,25,534,0,0,0,0,0,0,0,0,0,0,0,0,0
9,0,0,0,0,0,0,0,0,0,0,0,0,0,0,0,0
64,444,0,0,0,0,0,0,0,0,0,0,0,0,0,0,0
68,0,0,0,0,0,0,0,0,0,0,0,0,0,0,0,0
9,58,167,791,0,0,0,0,0,0,0,0,0,0,0,0,0
1483,462,187,305,3,8,0,0,0,0,0,0,0,0,0,0,0
68,13,381,162,0,0,0,0,0,0,0,0,0,0,0,0,0
263,287,500,287,163,59,59,3,0,0,0,0,0,0,0,0,0
15,2185,2186,2187,0,0,0,0,0,0,0,0,0,0,0,0,0
91,68,4,55,133,214,3081,0,0,0,0,0,0,0,0,0,0
550,0,0,0,0,0,0,0,0,0,0,0,0,0,0,0,0
18,379,15,0,0,0,0,0,0,0,0,0,0,0,0,0,0
313,66,758,0,0,0,0,0,0,0,0,0,0,0,0,0,0
379,15,0,0,0,0,0,0,0,0,0,0,0,0,0,0,0
0,0,0,0,0,0,0,0,0,0,0,0,0,0,0,0,0
302,19,1841,414,0,0,0,0,0,0,0,0,0,0,0,0,0
23,39,327,3069,4,0,0,0,0,0,0,0,0,0,0,0,0
1900,119,1901,208,0,0,0,0,0,0,0,0,0,0,0,0,0
2223,13,13,13,13,13,13,13,13,13,13,13,13,116,134,2224,0
175,430,3061,3062,214,594,55,0,0,0,0,0,0,0,0,0,0
945,872,946,569,1625,8,1626,476,44,15,119,0,0,0,0,0,0
171,157,130,343,0,0,0,0,0,0,0,0,0,0,0,0,0
82,17,1371,1372,1373,0,0,0,0,0,0,0,0,0,0,0,0
181,737,545,338,83,414,177,602,2035,39,0,0,0,0,0,0,0
1814,1815,0,0,0,0,0,0,0,0,0,0,0,0,0,0,0
3021,38,743,4,32,38,0,0,0,0,0,0,0,0,0,0,0
82,17,1371,1372,1373,0,0,0,0,0,0,0,0,0,0,0,0
5,55,0,0,0,0,0,0,0,0,0,0,0,0,0,0,0
2,64,1366,46,178,15,1367,80,341,0,0,0,0,0,0,0,0
44,15,279,89,20,39,900,0,0,0,0,0,0,0,0,0,0
139,42,2958,0,0,0,0,0,0,0,0,0,0,0,0,0,0
9,4,19,152,90,131,0,0,0,0,0,0,0,0,0,0,0
292,2477,0,0,0,0,0,0,0,0,0,0,0,0,0,0,0
34,28,17,465,0,0,0,0,0,0,0,0,0,0,0,0,0
47,687,914,16,44,15,279,952,571,20,903,256,240,15,0,0,0
477,175,126,268,115,42,268,25,854,354,472,2461,700,158,2462,2463,0
287,4,0,0,0,0,0,0,0,0,0,0,0,0,0,0,0
3,104,9,1952,5,35,24,41,0,0,0,0,0,0,0,0,0
1080,26,83,4,1081,0,0,0,0,0,0,0,0,0,0,0,0
4,173,0,0,0,0,0,0,0,0,0,0,0,0,0,0,0
126,15,0,0,0,0,0,0,0,0,0,0,0,0,0,0,0
158,16,38,0,0,0,0,0,0,0,0,0,0,0,0,0,0
1914,688,1915,0,0,0,0,0,0,0,0,0,0,0,0,0,0
2131,0,0,0,0,0,0,0,0,0,0,0,0,0,0,0,0
2095,8,0,0,0,0,0,0,0,0,0,0,0,0,0,0,0
1914,688,1915,0,0,0,0,0,0,0,0,0,0,0,0,0,0
9,4,19,152,90,131,0,0,0,0,0,0,0,0,0,0,0
28,64,605,20,84,5,4,1036,5,157,130,1097,130,1106,368,1107,0
156,12,270,5,413,2917,1024,0,0,0,0,0,0,0,0,0,0
23,23,3,39,0,0,0,0,0,0,0,0,0,0,0,0,0
26,4,0,0,0,0,0,0,0,0,0,0,0,0,0,0,0
9,4,35,30,3080,755,0,0,0,0,0,0,0,0,0,0,0
178,44,15,906,0,0,0,0,0,0,0,0,0,0,0,0,0
158,16,38,23,4,78,0,0,0,0,0,0,0,0,0,0,0
1494,1495,1496,16,107,5,903,179,0,0,0,0,0,0,0,0,0
305,8,3,29,0,0,0,0,0,0,0,0,0,0,0,0,0
0,0,0,0,0,0,0,0,0,0,0,0,0,0,0,0,0
3063,3064,1015,0,0,0,0,0,0,0,0,0,0,0,0,0,0
91,547,0,0,0,0,0,0,0,0,0,0,0,0,0,0,0
68,4,0,0,0,0,0,0,0,0,0,0,0,0,0,0,0
4,104,15,123,0,0,0,0,0,0,0,0,0,0,0,0,0
156,143,15,0,0,0,0,0,0,0,0,0,0,0,0,0,0
2038,105,121,457,1011,3,2039,20,0,0,0,0,0,0,0,0,0
97,0,0,0,0,0,0,0,0,0,0,0,0,0,0,0,0
156,44,15,0,0,0,0,0,0,0,0,0,0,0,0,0,0
9,0,0,0,0,0,0,0,0,0,0,0,0,0,0,0,0
24,41,160,417,0,0,0,0,0,0,0,0,0,0,0,0,0
284,131,113,317,131,171,157,130,343,0,0,0,0,0,0,0,0
125,244,673,39,155,104,83,0,0,0,0,0,0,0,0,0,0
658,171,157,130,343,171,157,130,343,0,0,0,0,0,0,0,0
3,739,262,0,0,0,0,0,0,0,0,0,0,0,0,0,0
